Fecha,Categoría,Título,Enlace Fuente
2026-03-18 11:09,PENAL,Aranzadi LA LEY Exprés: Los criterios de la segunda oportunidad y EPIS se siguen desarrollando por el TS,https://news.google.com/rss/articles/CBMijwJBVV95cUxQQkNqam9GXzlwWG92MVY0cjh1UXNoOVlQUmtvRjFvYXUxbmZzVmFsbWIxREpjY1c1eFNUdHpKTVRWNlJXdzA4dzFfN05lRUMxSFpDNEdvVm9TOWp4WEc1ZnJBSnNDNWdSRXU5QlptU2pSTWQtNXFWS0x3S3l6cGJCZmx6aF9LNjIycVFNVFdLVHplZG1mVFp4Mk93Mlduck5CQ2xfcE5aT3R6Qms0NXc5c1JLUGZNQlBOc2hMWm5JN09DM2hXZ0xzRkhydzVqR09HMVZIdUh6aWVYM1VwWHJlX3hFM0tWZVpSdGRCXzRQeWJDaG5jZjBoQzRYR2FiWkVlYTF5SDdxTjM5MlN0bjJB?oc=5
2026-03-18 11:09,MERCANTIL,"Las nuevas sociedades mercantiles se disparan en febrero más de un 40%, según los registradores",https://news.google.com/rss/articles/CBMixwFBVV95cUxNYU9SZVpYRF9rN1FGYUJHTW5FbkdRbTFON3VjLVNPTE0yc0FEV0w3YjFsTjJLMlFqZl9LLWhSMXJqV3JXcTdXQWZBY01ud1R0QmNOcmhPLTNudWs4dkR5c2NLQVgzTV9wX0hzRllqUXNMejlrLVUxLWpBM1c3eElwSUw5bU0waEQ0aTU2N041WE1qZjRaT2VDOXl6Z1I4cG9NWGh3bzhaZThoSGpjeGQxYlhKOWU3VC01ZFI2dnpLVXgyaFkwYmJV0gHMAUFVX3lxTFA2NmpRU2FvN0prSnpwYURMZDcyQzFUeThuUzF3b091Yl9tSnhkek9ucl9Oa3ZMLTVsUXBTcEh5VUN2QkNueWpwV1VUN09UR00tbEFGUnNuNEp4cVhQdFFWdW5ObVJMZ0NEY1UxWW5MTXpjMVd6M2R0RGEzNDZyX0NZTGs0ZzV3aExadjFXdENubjJqenBwc3BVRk1UUURaTFZVdG50eDZYd2NXelZJdWJwUUdzclNmcm5zUVNzLXpJRm1uUVhtYkZwOGFndw?oc=5
2026-03-18 11:19,FAMILIA,Un padre logra rebajar la pensión alimentaria a sus dos hijas: la Justicia aprecia una reducción de sus ingresos y un aumento del nivel de vida de la madre,https://news.google.com/rss/articles/CBMitAJBVV95cUxOcWY2NjJaaXBQZ0NKaHNHckU3dldkVFdzLVRTVzYyWW5oZVBrOUlwTUtVaVdWTjJibjhvQThPNnpaZ2lGVVNsM2ZZUEhqMUhjNGVJTWJSOTVDS3N0OTVUUlJjZG03WmFiVFl5UnJtQzJ1ZGFXY1FuNjhOSlluTHZSMk84T0JpXzBUMGpNZGttcWg2c2M0NTRuNnVZSENEWXBmVDZpSFg1djBHVW1kLXpYa21qVjVvT3VnSUFfNmJTRG5CV19zd29tLXFNakZlMzh4eVBLZzZkWXFfTG1rNTZ5ZWxqX0pzNkhSY0M2dGNOWlJfMm5ZSmRLb0xpdnUxSGtfNnozcGF1VUhYN0ZBVDQ1VE9iWUFJX3pDaVh5ZFByaVBPYkhseE5QdDYtY2tualJMT0dIYtIBzwJBVV95cUxPYXpNU3gxZ2xBVGsxM212alM0UUFXazVyYXVKRkgtRlNhdzd1Q1FFUDFMTjkwZnp6MS13V3VXUjVhUGVveU93bThZZG9VMU01WjhVMVZjV3B0Y2JZS3hwWWRVUjNBWHhmTGNIUE40NWhHSWZpZG1GSENjUTZVNjl3aTRZdnJkMjRJblJoQ3g4X0dCV2hvQy1JcXE5dVdwdTNWZnF3eWtfVWVkbkY0MTlnZ1VOMlFGMVBVd2FFcVkxSktId2ZLdGhuM0NPX1RSQ0V6T1FGOG55TmpkLWNmYUVGT3dDbUw3TFZKRWQ4Y09qTmF4eG8xZ09DZ1lQTmpkSDFIS1RVYmVHckdjeVlubUJpM3IwYVNIMUlHZnBhUzlhQzZMakFoblRUbnNsU1lPcWp0d1ZGaUxtNlZhZl9fUXIwVlBrYm02Wkp4cFgtTEZUNA?oc=5
2026-03-18 11:19,PENAL,"Nueva edición del Manual de Compliance Penal, prologada por los magistrados del Tribunal Supremo, Julián Sánchez Melgar y Manuel Marchena, y con epílogo de Vicente Magro",https://news.google.com/rss/articles/CBMi4AJBVV95cUxPbm9iTmkyajlyUG55QzFqZkJ3N1BiN29KRXBRSmgyTng3QjM4MFdvc0FmVXpuV24zNFRBSjYwVEZjek14eERtTHNHLXlIb1BwODVwc2xtZFFWQUJGN0pRZU50VGtYYmh1X0RRdEs3cGY5Mm5KNnloTG9yVEFValF1cV93eGJWaXFpa3ZzVHQyZVN4Q28wbTlNMEtvb3VyV0pvVkFQUGl0UnNpN1RpNVB2X3QwTWRIbFZIUXFQT0tKMW1MQ1AydklKd1BuQ0p3d2tudnl1eUpQNEU0TTNEUVBpZDNOdENOblM5QVA1Wk4wUFlpWTdWeXktR2NKOF9EYUNERHoxUWJ2QzBvdGNMekNUdHpoZF9wTGNSTVozNlZ0RVFMMk5uVDg2RzhJS09maWVxS0RiQV9TV1FyNDBNQXpCT25ON1YtQUVtbUlxdjdKVVF1a2w0ei1vN1hDN19pYXAy?oc=5
2026-03-18 11:19,MERCANTIL,Dos proveedoras de material sanitario entran en concurso de acreedores,https://news.google.com/rss/articles/CBMiugFBVV95cUxNdWF1bjVqRF9OYXJqX0Nid0VzeFBLak92elBZeEFHTDFLR3RUS2QtT3pPVDBVbWtzWTFsZk1iVDRlanlQa0kzZVZpWDZzMlFxbzl0Wm9fOW51cThXNXRDLXJ1V2tSbnFMUXluVVJnZnduVi1KTEdPOHdLbkJzcVJHU3hNNE1WT3AtMlpsbVpIeWduRjhhb3lXMHNRT1JxUHBkdjhNOENDMWV6OXRKX3hqTi1WTHVQQzNqbUHSAb8BQVVfeXFMTzRHckE2dW1yaDhPMkNfQ2RwVVQyZ2NNLVdNYlVIdWJkaGJkdTNjT0NJM0t2U2hEdmI3dzhGenUyM3pLeGs2eUF6SlhnYXBLQzNNTDhlNlgyWDh6RE4tVm9YSDFncFlPcC1CamhxZF91aDVGcWR2bXVKc1k2Wm4tVGFQUkNlZW1MZmNSMUY1ZERwczk5Y0hLcFJYaDhxakhVMmlQZjY5eU1aRTdFMG9FNmhnNFVNM0pWZUI3ek82ZW8?oc=5
2026-03-18 11:19,EXTRANJERIA,Elma Saiz defiende la política migratoria del Gobierno y la aportación de los migrantes al crecimiento económico,https://news.google.com/rss/articles/CBMiugFBVV95cUxNbEY1Zy1nWkljSlhUdzlKQ0pHdmpwSXU3cWRrY2tBbERBWmpjZFh3MkFfb1YyNzVVZ0xtRlpfcXFwQnk5bnI1XzdXYXUxbEZoMXQzXzRuRWxXUXc4WHhkQUFYeTRxdVVvMTJ1Y3dpX3BENTA5QW1TMnNBQTY0S1gyQ3FMOFRHNlNIeDBUQ2hLOTE1aS1ubGdjNFJpSGRhMWdDbVhNQjE4M0VlVXM0MFpwVUtDS2lLTFVpTkE?oc=5
2026-03-19 05:22,PENAL,El Supremo pide al Gobierno reformar el Código Penal para proteger a las personas con discapacidad física,https://news.google.com/rss/articles/CBMiekFVX3lxTE9mQXpPY0VpLTJ5YW13ZDU3aUU0dVdTU0ZqVGhkX1lJMEJzY3J2d2M1alo0M1dfTTgyNnpiZFhvMU5Od0prYTZMdmFVQmVGbmF6N2MtczU5VFdibGRlVTVZWFJHM2pCbG4xVDBURTFETmEtZGxMb3ZGYTF30gF6QVVfeXFMUEgzeVplUVA4YU85eE81WXlGTnpWZVEzQ3Vfd3hOSkVmaFI0NWp2WWJwRjM2Z0t2SEdKd05KTXhiUEVKWVY5ZEdPOHJpV3lsdHBFYy1mX2hZVDU4NkJqZk1zYmtNQUNrdWNZb3BhbEVkYVgxcVhlSDZMZEE?oc=5
2026-03-19 05:22,MERCANTIL,Tubos Reunidos se asoma al concurso en pleno pulso entre Gobierno y Euskadi por las quitas de la SEPI,https://news.google.com/rss/articles/CBMiugFBVV95cUxPWHEzY0tEUnJsZnBLMDBSc0FMRVhBX1lxZnNoX1dMZFVRdEpGSlIyM2pGY0xEeFo0SzBhN09teklReV96aU9UQlotN1pKWklLYTF6SjJMYXJBMzRjTjFsWkctdTVJMmlLTmJaREs4R3ZDSVZ6TndteFE2MGxtSzB6U0hVcDlUY0M0MEFEU3JHTlNSUHRuWk5RUUk3VFZfMTNQLTE4Sk9GdktwNUhGWkpBZ01iWDV1R3l3bVE?oc=5
2026-03-19 05:22,EXTRANJERIA,¡ÚLTIMAS NOTICIAS! Regularización de Extranjeros,https://news.google.com/rss/articles/CBMipAFBVV95cUxQcEFwcUl3S05tRTc0WGt1ZEVEZUE2WXowbnJqNFNfU1lFaU8xSV9qbk9JYUMwYUtKbW9weEFoVmFpRGRrVVk0WjVOeVJZNFZoUm9HSnplU09Pdk5fVkhmQzd1ZExlWmkxSWM0UFpwektkQmlQQTNCM2VnOTJ6YVd0S3V6MEZxT1dUNnFieEVNYk5VWjhiVVNkQ1k4S0Z1b1dZMV9PcA?oc=5
2026-03-19 07:22,PENAL,Novedades sobre derecho público en Iberoamérica (18 de marzo de 2026),https://news.google.com/rss/articles/CBMiqgFBVV95cUxPU3VlcEZVUWRLc09CcEpUbXFNc0hNeTdPSk1QUjJHNzlENFZUN1BqZVcxYlNGREVWM0w2cTdqNGNjMTQtTTQ3NFlVeEZrQzFQWDJrSGRKYldSZm1vaGNuSkMwbzdaWHRfS2VreHQ0MTdybGpndUVJZjZ2NmJmdTZSYVRTSjNQazk1Z2VuZFVkVk91WXZqaW9fTW1CVnpqSE9lTGNmaW1ZNExNdw?oc=5
2026-03-19 07:22,MERCANTIL,"Las nuevas sociedades mercantiles se disparan en febrero más de un 40%, según los registradores",https://news.google.com/rss/articles/CBMizAFBVV95cUxQNjZqUVNhbzdKa0p6cGFETGQ3MkMxVHk4blMxd29PdWJfbUp4ZHpPbnJfTmt2TC01bFFwU3BIeVVDdkJDbnlqcFdVVDdPVEdNLWxBRlJzbjRKeHFYUHRRVnVuTm1STGdDRGNVMVluTE16YzFXejNkdERhMzQ2cl9DWUxrNGc1d2hMWnYxV3RDbm4yanpwcHNwVUZNVFFEWkxWVXRudHg2WHdjV3pWSXVicFFHc3JTZnJuc1FTcy16SUZtblFYbWJGcDhhZ3fSAcwBQVVfeXFMUDY2alFTYW83SmtKenBhRExkNzJDMVR5OG5TMXdvT3ViX21KeGR6T25yX05rdkwtNWxRcFNwSHlVQ3ZCQ255anBXVVQ3T1RHTS1sQUZSc240SnhxWFB0UVZ1bk5tUkxnQ0RjVTFZbkxNemMxV3ozZHREYTM0NnJfQ1lMazRnNXdoTFp2MVd0Q25uMmp6cHBzcFVGTVRRRFpMVlV0bnR4Nlh3Y1d6Vkl1YnBRR3NyU2ZybnNRU3MteklGbW5RWG1iRnA4YWd3?oc=5
2026-03-19 07:22,EXTRANJERIA,El PP se vale de la ley de multirreincidencia para frenar la regularización de inmigrantes,https://news.google.com/rss/articles/CBMiwwFBVV95cUxQcjgyOTZ0OGpxakM2aU42dG9vSkdEX2tMT2Y4UkFZRW9Id2xodC1sT0ZocHZPNzF5ZW1mUnZQQlpZQU4zd3pCTHI5YVZua2ZVQ0ljS1JwZVZ4SDZTcTVXYkFkZlZGdTV1Sm9UOFBzTXJWaW13RWpON3BtTlU4N2JncFJJSF9QN3NNcFRCRmhSUFJHSXV0ZDBqaHNPMWt5T3BVeC1mTUpJc3VEOVNmUWdZRmxGMk9YMENnUHZCOVZwMERmU1HSAcgBQVVfeXFMUEI2WG9HZlVyTDNiZTNjOWlBTS1HWjIzaFo5VnY1OFhFd2JOU2VGYWM1SnRlSm9Uei1LVlJSQkNDQm5zemMzLXRCUUphaVh6LTRidGlUSWNTbzBmOHRTdDJzOXhKVHJOLXhwTk51eUtidUhZMkNNX2ZkSUJfWTR0N2xsRVRpRThTcHhHaHRMUjA3N05mNnhVWDdudk9MRnJ6Ums4LW1BWnk4V3k1aHJLUU02VllaOWF0Z2tteXdqSFBKdENxY2RlOW0?oc=5
2026-03-20 06:41,PENAL,Opinión | Las funcionarias de las prisiones de Cataluña ya son agentes de autoridad,https://news.google.com/rss/articles/CBMitAFBVV95cUxOYkdVR3E1elFRd3BwX3pyUmN4N1ZZTGRaQW1yN25RaGNsZk1menozelJ5Nmh2OHh4MUhSMGxxNWJzMXM3ci0tZnF0OVZ4Rl9IZDRETjZPdjJ2TUg0Z1pZckVDSGZ4RW9vcHZrT0Ruc1d6dFpBSXMxcHR6dWxmcGJudEVCX3FNRzE3QmhPTEFtTTlTZS1IUWtNNE5wRjZOMS1zSW5Xa3VkNXFMQ1dDR1BYS28tdmE?oc=5
2026-03-20 06:41,MERCANTIL,Los acreedores de Banco Madrid piden cambiar el administrador para desbloquear el concurso,https://news.google.com/rss/articles/CBMiuAFBVV95cUxOVHVWMXhPQ05CUVc5dkh6Y0pKSUloMFhna3FuYXVIX0ZaRnZBd2VVNUU4cnRjdFpiQWR4M0NBYlNxNVhBUWRnS1o3cXVlakJub3ZVeFpSa0lWdFFiUWJ2N3RjdFJmZElrMVZPMnhRZ0YtNzBDWTEwTHYwMDE0QUI0SnMzZzNoYkY4cjdHRDJreFQ0c1g5MjFwd1ZoYU11d1BOTW9SZFdMemNaR3hNY3NTVXRIQnVxR3ow?oc=5
2026-03-20 06:41,EXTRANJERIA,"Inmigración Siguen los debates sobre el proceso de regularización extraordinaria. Mientras tanto, PP, Vox y Junts votan en su contra en el Congreso, y el PP modifica (en el Senado) la Proposición de Ley Orgánica en materia de multirreincidencia.",https://news.google.com/rss/articles/CBMikgFBVV95cUxQX2xMdVpfdjBaVVlJNnFqTi1zeC1HSVloWXd2TEZtU0lyX0lzTUVRaUMybENKZzhnUlV1eG9aaHBVT3NRQl9jVGNZd1FpUkZhYmx1aHkwUXBCaE1GUUhteC0zQnh0cnkwdHEyQlNxcHRoaEs1dlJvTERpMy14ZzJWd29uMjNxYnhpcV9hbXpjclJzdw?oc=5
2026-03-21 06:30,PENAL,Consuelo Madrigal se incorpora al patronato de la Fundación Aranzadi LA LEY,https://news.google.com/rss/articles/CBMixwFBVV95cUxNc2tNWktaTUlBbDdQUzBzYW1Rc1RTY1FBX2lUUUlSZFdXVlB6Ukp0Z05WRllPUDdIVDQ5OFVIa1A0X1pZd0luN1l6OEFwQ3RSZHNrSDdnM3c5MG1hQTlvQ19FS0ZWMEVPQmtJSkY1ekEyLTN2dGpEcVgydF9FS0lMZnA2Nm9zWUh4bVhIWk1lMGhmbC1vOS16c1JteFRwZEEwdFNYVC16Qk5RcloycHE2SjNES28xVlRDeFVqVW9tRFd3aW1LcWs4?oc=5
2026-03-21 06:30,MERCANTIL,Los concursos de acreedores rebasan el millar en Vigo y el resto de la provincia por el aluvión de quiebras de familias,https://news.google.com/rss/articles/CBMipAFBVV95cUxPdFpmYUdsRVk4OGRhWVBaeVdsUDB1RXZlU2JxN1hHMmlmWFpwQTdmeVJBSW55alhNY010MGZjcGhsRTh4ZnZjVHdTZ0d6U2VodmRlS2lmQnFEV0NPeUNJZWdoU2tnNHpxOV9OSWJSazlZckZ0dTJpRllGRXBHQklxZFI5TXBzUnNTdzFQeVA5cWtVMUo5WHJpQXA2X2VzaVVPdVBzd9IBqgFBVV95cUxNanJna0lKaWVqVFNYNXR1bFBBSjRqR2tjOWJka2hQSlZRZ0dOdkNLX0xhZERKN3d2Ry1TXzc4UGZvSnNSRjAxZU4yZWtxc3BrM18yRjRsWVlrVW5QMm1uWHl1cmY1cXhaY1VqTDlreXpUN0NUZC1UUjQ4cUhJeUJBbTVhMHpYUk5fcG5SaWRXMnl5a3RHTFVwS1JqYnJjU3J6RDk5Sm12bC1NQQ?oc=5
2026-03-21 06:30,EXTRANJERIA,"Pestana celebra la reforma de la Ley de Extranjería, que ha reducido en un 32% los menores tutelados en Canarias",https://news.google.com/rss/articles/CBMitAFBVV95cUxQRDBpZGRYX20yU0FyU0VEMUpHN3FFc2xYY0xHLURQbFI3M2Fyd3BkeWJXdFBnQTdFQlJ1ZloxMkg4cUxUc05FRFBZUWVCZ0ZMcDhYTEhwTWh3T2MwblBQRGJQdHFWMWdJZWw0cG01YUQ2MFQ0bjlUeTBvcXpVNUdqamo5R3d5R2JoZDN2c05kcUIzUnVHSmdpMHlKb2Nfc20teXBuTjEyR3hPYmpzMnpQbDlMdlQ?oc=5
2026-03-21 10:33,PENAL,Las lágrimas de una víctima,https://news.google.com/rss/articles/CBMid0FVX3lxTE1wNkRIM2xkQ0x4X3k3eHlWaWpCX0hiRE41STE3cDRHQmhhb3U5M1RZUXRGcERKZ2xiaEg1cFdhQTBjUHppTTI4SjNBXzV0R3Q4SHV2MDBmOWlqczNpLW9CNGVzTTl3QURMQ0V0UVd1ZFdNanpfMGh30gF8QVVfeXFMT010a2tYeG9Pc1E2NTlTNGdXdTl1NkNlOXJnenpOM1pXMmlPZnV5XzVuMHJFNFNkRTI1UXNuMmFRU0d3emhqR1RtWVYxd19wV1BYOTVxdHhvXzJWZUxHZHc2amR2YVR0VmlYaXl2OXRJZDlndzlsMFR5R1hZeQ?oc=5
2026-03-21 10:33,MERCANTIL,Tuvalum entra en concurso de acreedores tras una década en el mercado de bicicletas de segunda mano,https://news.google.com/rss/articles/CBMi7AFBVV95cUxOcUZxbjdJSzcyTmR3WGlxRUpLQWV5RnRkREVsOW1QelRpWV9rclVUNHZWeXRhay0xSm92SHpEMl9XcHBmOVFRZVMxRmZuQndtS2owT25Ramo0dDUwc1B2RXpuRWJ3QnRyaWFlemJJTkkwS3pkSC0xZmVxbHRLbE4wUzgtcDQ1M1h2SXNma0pJT21FRFlnNEhzZnh6TTFzSnhFTlc0ZjJzNkoyT0FSMjhfX0t5QXNCYWxPYjViaXRQclRHRG9UUVo0MDhTSGFDOXJad09DclNUcERNT3hiN3dMTlUtNnpNTkxKOXR0RQ?oc=5
2026-03-21 10:33,EXTRANJERIA,"España supera los 3,4 millones de residentes extracomunitarios en 2025",https://news.google.com/rss/articles/CBMiywFBVV95cUxQYlFvUV8yNnZuREw5V1RiTWs1RWxGd1NIbjdOYVhYYmlXNkF1Q0MwNWJ1WjBqR3o0T0R3eFYyRDdXb1c2ZERZcHZiVE96YUF4MFZNd2R5dDBNcEtnZnNlaWIxY05WU2JNeENQUmo1bVUtN19fbnlJV0liN2xoeVFIaGdLd0JyMmFIRS1pOTU0WWh3MzgwcWRZNW5YUVVXZ3pvdmZZeHVBclFZZ2R3Ym9vOVpMRXR0c05wbHlkVmhJYnNidVl2NzdsSmwzb9IBywFBVV95cUxQYlFvUV8yNnZuREw5V1RiTWs1RWxGd1NIbjdOYVhYYmlXNkF1Q0MwNWJ1WjBqR3o0T0R3eFYyRDdXb1c2ZERZcHZiVE96YUF4MFZNd2R5dDBNcEtnZnNlaWIxY05WU2JNeENQUmo1bVUtN19fbnlJV0liN2xoeVFIaGdLd0JyMmFIRS1pOTU0WWh3MzgwcWRZNW5YUVVXZ3pvdmZZeHVBclFZZ2R3Ym9vOVpMRXR0c05wbHlkVmhJYnNidVl2NzdsSmwzbw?oc=5
2026-03-21 11:15,FAMILIA,Globos verdes en Santo Domingo para denunciar que la justicia llega tarde: los padres separados reclaman cambios en pleno Día del Padre,https://news.google.com/rss/articles/CBMilwJBVV95cUxPNDVtbTItclNVTjI2RFBibm83ZkUxWjdyTGVzWkdtYlFaVnRhMlFrOEtkVS1iTE5IMDhNc1lDVVZxOG5TMS1wU2tqUHdZT1d1bGQ2QVk0QlBZSkhvbVdyM1JPMDAtTkRqVm91Y01hRUVSNm8wMUNZZWNsNHJWaXV1X3N3cEUxMnZ2NGdXaTVPMEZ4ei1rbzBJLXZBSTJnX3dHYjdXbEVWc1Y4UzRZdVRLUmRPWkMyZ05OZ3FGbF80b1NzSWxPV1Q4QXBqVHBtZ09Mc1M2dDFDTEFGemhnbHBVOV9JeTR4R2NzR2xORUlXYk5nbkx3Q3Q2cTlLV0RsMEh4U21wbmFkMVZnQ25FVm9Salh5SzZPNnPSAasCQVVfeXFMTzRGbTZ5a3J0N0JLQjFRalVST3JoSDgwbGJtc1NpTGZpSElUMk5rUkVsUThWTVpsNDJoVW1IWXo5WFg2ckJkZTdkVmkwUV8wOEpDZzE3THEtZ0lzaEoxeGFiaHFMVC1NZ3p6TWhsSGVjbFhiN3dEaHpXNDBvdnFGd2ZxQVB1Sm1GZl82VFVwQkNZMjQwZTNOcklub1o4Q1A1YnVpSGdRVlptRlQtU2k1X0VFMFdCaE5ieEJVOFpFVUpBczZLYmJCVlhOX2dYdklab043c3pDLTBRVV93X3NhQmQtdkh0LXN4NFpCVlM5ZVhzcGJhSTdack9Bdk5Rd1dndnRRa01vN2JzUzh3cHR6bDlfVFNZeGp3Rkc5RDBPWDB3dUV3cERvN002bmM?oc=5
2026-03-21 11:15,PENAL,La insoportable inquina de unos políticos nefastos,https://news.google.com/rss/articles/CBMiqAFBVV95cUxPUXUyNXhvYXozTG9SNk0wU2hxYjJNS3R0UlFyU0JIbjZnTzh0X1gxUVhNLW1oamFoU2dKUXBmRGFJSFlMck5Vc21WMm0xMG14QUtrZDNiLWRER3NJVXFXRjR3ODUzOEszeG03M0RjeXlGZWIwUlBVc2w3NEhLdUttVHRoVzdfMkFIUHdUNWhidU8yel9HejJxODhtd2cxRE1Zam4zU1hnc1LSAa4BQVVfeXFMUFhrbzlxSExSSTJRZWVMZmI2bXFOWkJTaVB4LVdjSWtjVVh5UmU2OVBQb0IydGZJVEt4ZVp1M3YxTDNXc1F3eVhxV2JaOC1pQ1R1SHAwdEFPR2NkdnQ3MHJUMnJtWHlwYUpUdUE3YmtpNmdNZExySHVQMVVBSnEtZ3lUWTF2UFE3RVFQZmYxYkxQSVhtbWdlbFFDQ1BrbzhkMFpub0hIREM0MUp6ejd3?oc=5
2026-03-21 11:15,MERCANTIL,León acabó el año con 456 concursos de acreedores y ejecutó 218 hipotecas,https://news.google.com/rss/articles/CBMitAFBVV95cUxNcGVvMGRpUmJ6emQ4bF9DOUxKUWV6dXlHMTZyelh6MW5pTlVqSG4xX2F5OE5TWm1CUC1tc0c2eDNwdlhQWUl2N1poQlRrYWZOWkpuNFMzcUZ6aHROb2xKTS1EMEpQaEZrRzBmb0h0eXVyQ2lyNnhwN0FSeXVVSndDLVQzRi1aMlpCQ01lVEQyRHJFbGs1UHJTRnZ4cFRCQzlwdEtwREt4cTRZTW9qR3FNN2pueS3SAboBQVVfeXFMTm1CYU9ZRXVoSGc4OWtJWmNBdzdqYkdkOHJqZnBLdzVvamJRX1I3WGpRNV9EZFBxeGdza2hMcDYtR0RVZFV6YkdXZ0E4WUw0dmVCX0tITElXeXdpSndzZTFaVFVwX0xYbUh4ZFVDT1p5X3VOdWcyN2FyR3VyV2dsbHJrbHZKOHpaMFdBODFRWVk5WWJudlhrSV9rNVA0bmdmclpGS1JwaEpoa0NrWkl4WncyUzhUanhhX0Vn?oc=5
2026-03-21 11:15,EXTRANJERIA,El Gobierno cree que la reforma de los niños migrantes ayudará a CCAA que hoy la rechazan,https://news.google.com/rss/articles/CBMioAFBVV95cUxNTVVrQ1BLbWJzcHRYUk9ablRFd01iV1FVQmZESnFMdDYyaDdOa3U3NVN5YW9UMTZXWHEyVDl6YnJQRGp0ZE1qYVFNc2o0X1kzbEJEa0g3SkJnM2ZZMXBvd3pSZHNIUEVvbXlHS3o0cENBTG5DVkp1cE1oa0QxTWRlWnRkZ3JUTUstaXpIaW9zMk9kcWp2eG8tcVpubDRwaWY4?oc=5
2026-03-21 11:25,PENAL,Ecuador pide a España no entregar video de declaración de alias ‘Pipo’,https://news.google.com/rss/articles/CBMi9wFBVV95cUxNQmhjbUkxVEI0azlDZklzanlxbEQ0X2dDa3dGcXlzN3hqZlh2enR0Z0NiamxaRUU1WUVZVlF2S1Fyc2RjcllJc2xiMHhBOGFRTzhsN0xJOV9Pa1l2cjVRV1BDNEVzd0x4dHc0T2UzRVYyVi1JbGZaazBQUEJPVU5Wb3RwTXM2WnJ4OUVSYXhubklqODRJODYzOFZZYXF0X3JESk5ESkwzMkY5b0FveFd3NGdHRFVXZ2JlME9FaU5HaTJHbHpvRk9kSHdBWjI3S3NndVZicEhQYkhFQng1X0NFeXoyM21GdlNfX1MyMDkxRlBZQmRxZnhz?oc=5
2026-03-21 11:25,MERCANTIL,Se disparan los concursos de acreedores y las ejecuciones hipotecarias con Cataluña a la cabeza,https://news.google.com/rss/articles/CBMi6AFBVV95cUxQUERTX1VvTXBQUmdwbThzblF2ay1YNGpTY0NMRHhkUzJCTGZjcmJMU2JiU19odlRLVEpvVkxCRkFLZzNrOEdEQjFENjNGZ3RkUVd5Y2FRMEVlaW5PQ2R2ZE1xNGhlRng5QzhiZzdLQ1J0Q3FhdHJaRkdoUWlJdGxJbXd2U1YyT3NvbGNpUFM5WTFJckFpZUlrS2FyTncyRG5hWmtyM1NncXYwcjk3TDlpS3ltZGtEaElQRjloTnlOX25BM084STAzRmFHMVdxdjNiazBQbUwyWHZUdXFPY3I1QmZ6YjM4V0xl0gHuAUFVX3lxTE1POFpPaTRTUVRhSVZZanZlcllGTTliRk95VlY5RWs3Y05GLWIzUWk0M3huTjl0Ynk1N2RrbHlxX0FaWjhDSmRlMGtQVUJveWxFU2tBZnB5aWIwWnpfbThOSnNPZ3RINWVCU0ZIelcxYzJDVUtYUldqZVZ3TnI0TzlVNEowS2QwaE1mdTBsaEFwaWlTaDBUaXJzMDNZaFVWODFiQ1JHVkF2bjJoOG1kODVuaV9PWkxqWVlfWm13bUVWQVJuMU9aNkV0bVY3elNvb1FycEJhdVBwblZuUWhzQ2s5dzlyMWFsLWJ3QVZhY1E?oc=5
2026-03-21 11:25,EXTRANJERIA,"La población extranjera residente en España alcanza los 7,5 millones y crece un 4,5 % en el último año",https://news.google.com/rss/articles/CBMi1AFBVV95cUxQUEFDMXhqdGJXTDhKd3JMY3AxZHczaFpudXRzZ2tyYXJRREM1WXNfMHhlc2ozNTZ4RkVneFhaR0tDbThINnBIVGI3emhCdklQYXhxcWhrYjQ3MmFGbTVtYjQ2aGJKU3hOY0xVRGlQU0hpUDYxNTI1S0NNWU9iZWdZVUVvTEYyOGM3Ry1pNDRlS1VGQXFETGNkb1B1V0lZamxKNW9QcHQwY3VmQVFvaDdqaWotYnI4V1A3eHNYV3RfMW02M3NaZ0oxTnY4Zm9FVDc2LWpfTQ?oc=5
2026-03-21 12:49,MERCANTIL,Los canarios tienen un 42% más de probabilidad de acabar despedidos que en el resto de España,https://news.google.com/rss/articles/CBMijgFBVV95cUxPWEd3OS1wQS0wdjdVYVNuTjN2TUxReEQtT0VFRTdxUGtWWkh0WTNYcFptMjYtdHNLbjFSVnRLSDdqdzRIZVZoN1ZJVC1OZ2J4X0pBS0kxSkw4bHlLOGRXTHRSSnQtSW93eE9kMU5IWGNIb0tLMC1jTEtqemN2YWIxekd6WjZSbXZZa05FdGlR0gGTAUFVX3lxTE00bXphWUY3c1dLOTBMc2lLZnRvb1ZGQ25vTzl1MXlQbWxqajQzaTE4a2xaMk9iTkhRVl9GZXJsSkJHVTBjdTk5bFpwOF9wSm9iOE9GdU5haUY2ZkQtRTBTT0VlRWZsUXBkOEFKU1BHUk1zdVBNUUFzdVRDd2RhS2EyU29LNVItRUFiY1p4NDhhREdyQQ?oc=5
2026-03-21 12:49,EXTRANJERIA,"La población extranjera con documentación de residencia en vigor alcanza los 7,5 millones en España y crece un 4,5% en el último año",https://news.google.com/rss/articles/CBMi6wFBVV95cUxNaFZkNHppd0dDbXlTLVlCdktZWXExTTc3TGxaSHMzWlRCUTlURllvVndXSnEwUktNbGhuU05IWHEwa2J1cDlOUUNtc285TmQxMFhRa1ZrSjFCUTRROXc3ODI2VnhPdE80Wmw1RVVtT25zSTRWTXFKMXI3WVpUU0M5WHNUMFFyM3EtUnlvTW5zd2Q0TG56X2Z1NGlJbFU5aFZVd3JpcWdYVDNIMEo5V2V2YXd2QTJMT3JPcjRsUndaWTY5UWJubW1EcDRhOElMeUtoRlJvOEJUSXVERGNxWXhPZG5BUFdud1RuQ1hJ?oc=5
2026-03-21 13:05,MERCANTIL,Pemex paga a Slim pero hunde a Salinas Pliego: La millonaria deuda que llevó a Typhoon a la insolvencia,https://news.google.com/rss/articles/CBMi6AFBVV95cUxQbmhsNVFGTnc2c1NzRFNlRjdwRTBvTkZSUnVTVUhXLUtRdEhRVEFqbGVUZnZHelZWS1hCM2dtMy11WnAyUEt0YVhJVVJNZHdnYUEyN0tZVDZtUFZveWpacFJkd3MzN2RVNUQyd1Q3N2NFcXRzLWlQZ191cnQ4MWVIdWFBMlk5dDBxVm9jU2pyLUdXeUZqZXRrTF9TaFZDV2xnd0pEYklHVUxsY05udWdPdDdLem1lc1RRd2pBRnpSZVNjWEhGaE94WmotbVZBbWc5X0JIU05YbGZheWxvaTE1VUJwQ3FvNm9s0gGDAkFVX3lxTE5ZNnBNRHhMY0QxWnJpTXRUc1RIMnNCcV9GNTU1RUpwbFljNmxlcGliME1KYl8zVGJVVTVrX0tpem5Fd0E3a1NLOGFqNkhWcnItcUpDN2xyclQ1QnJmbzdNMEg4aEduMmdoc21HYzFTUVdxUW1Ec3MwWDNYdzdGMkpPR0Z3N0QyaldDZUhDZDRabzNkdEVQdlNMeVhCSlJsS0s5SklkODBBVElwVjJOMEtqRmItZTczRFpZQXZZVVFuSVZNVTlmYjROVERFTUtubFJxLWZEQy1UYWlNQWhIVlRVdTY5Tks4XzdKemgzcG1Uam1uUFRKVTNnWnFXVkozMWFldU0?oc=5
2026-03-21 13:05,EXTRANJERIA,"España superó los 7,5 millones de personas extranjeras con residencia legal",https://news.google.com/rss/articles/CBMirwFBVV95cUxQZ182X0lYdnNhMGRCX202V21CcGh3VkpneXVfUTY0VTA0UlFkU2tCYzFRQlZSWWFySUREN0x3U21RQ29sN2EtaGJRbjBvcC1mZE1XMDNnbmVjek5iRV92V3NUMUp1QWlWTXlVaE5mZ0ZyNFo1cFVsa3NfUVF0Rl9nYlUtcWEwTVhSNW14RC1lRm0zSm54aEJvbHdleHVrOHdnZmlqMG9XR1g0d09FRWZj0gG3AUFVX3lxTE9jME9DRmpVazZlS3plUXdhMVktQzIwUGhqVjFhdmVnRHFrY2stSkR5Y3dXU3NYS3JzNUhwSS1ENU0tMG0xSnFqS01qd2tPVUxaUl95czd5NjZpS2pheTNnRjNMLUZTWGdmaHA4Y29vS1NISkdhMlpQWXRPamRyaWYteWEzTmRYMmlpOUxOYjhJTVlhald1bTE4TUlOM1pjM0xTaWxQbDI2QjJQbnp4X2p0UVNIT1JmOA?oc=5
2026-03-21 13:17,EXTRANJERIA,Portugal avanza en su política para expulsar a personas migrantes: pero la medida aún no entra en vigor,https://news.google.com/rss/articles/CBMi1AFBVV95cUxOMGpTcnRkc1BqM2xhVFR1RmFvZWJreFlYWnVYaDAzUjREV2wzWUp2RXhtVWtqbkNkVXpkZnJLSl8yaG1RbElzeW5iN0JKX3NRTlNXeFdtWVo2eVFEVTNSbEJyLXJsN2FYRG1wT2N0YXdrMXVZNndkZ1Nrd3JUSGdEMVp4ekk4UFA2al9VeW54cDdzUkFvSHMtREdfTU5TNHRUQ1BfOUJhMWRWUEFjWXlXZWxHTmRxOVZyT3ZYTkstcG1wbzZGV3pUdUR0QTZIdVQ1MG04etIB3AFBVV95cUxNd3lfTFZQX2pMNTlvVlNlaFk5RC1TczZLY1hiOWtsUWdPSkE2R1R0Ml9sQ3NjSUJPWkZLSnRpZU80cG93Wk4yRXlMMzctMkh6YlN3b0l5d3R6M0dhV09UZURPdk12bTBxQ3VLN1JXUHpfUlFndUtVNk5qOXpQRU4xV25DcW9COTBfWHl3MXBDZ1ZHLXBvUVprQlJoOGJIRU91cDJHdzZ1Mmg4RlBSbkdFLWpBankwTTg3WGNMTlpoNVl6S2ZWMnE0ZEVGRWtFcXhwZlgwZkhVSEZtemI0?oc=5
2026-03-21 17:09,MERCANTIL,León acabó el año con 456 concursos de acreedores y ejecutó 218 hipotecas,https://news.google.com/rss/articles/CBMiugFBVV95cUxObUJhT1lFdWhIZzg5a0laY0F3N2piR2Q4cmpmcEt3NW9qYlFfUjdYalE1X0RkUHF4Z3NraExwNi1HRFVkVXpiR1dnQThZTDR2ZUJfS0hMSVd5d2lKd3NlMVpUVXBfTFhtSHhkVUNPWnlfdU51ZzI3YXJHdXJXZ2xscmtsdko4elowV0E4MVFZWTlZYm52WGtJX2s1UDRuZ2ZyWkZLUnBoSmhrQ2taSXhadzJTOFRqeGFfRWfSAboBQVVfeXFMTm1CYU9ZRXVoSGc4OWtJWmNBdzdqYkdkOHJqZnBLdzVvamJRX1I3WGpRNV9EZFBxeGdza2hMcDYtR0RVZFV6YkdXZ0E4WUw0dmVCX0tITElXeXdpSndzZTFaVFVwX0xYbUh4ZFVDT1p5X3VOdWcyN2FyR3VyV2dsbHJrbHZKOHpaMFdBODFRWVk5WWJudlhrSV9rNVA0bmdmclpGS1JwaEpoa0NrWkl4WncyUzhUanhhX0Vn?oc=5
2026-03-21 18:02,EXTRANJERIA,"La población extranjera con documentación de residencia en vigor alcanza los 7,5 millones en España",https://news.google.com/rss/articles/CBMi6AFBVV95cUxOVUlEVzNSRVQtVUQwQ3BuSFZVenZISUYtdW1fZmJLNXlqbUNNTnplZkVMN3Naeng4YndQRzJxMVpxUzlWNTM0YkxsM1A4T014QVBuRHMxQUpWUm5uZVFXdVY5eF9NOW9kNXl0WlE4ZWVNWmhXd2xBeEJzOEU3dlhISmMzLXhXbVBBd2FBeHN1RW02N0xyem5WeDdrVnRxNEhISW9CVlNKbWpwTm5ZREU3b0dQeE9YcVcybF91ckpOTzNQdWxaNkltZFBqYVJOY3ExNmZqSlhBUzVTeWdqdkhuSEhtaUNtb1Vh0gHoAUFVX3lxTE5VSURXM1JFVC1VRDBDcG5IVlV6dkhJRi11bV9mYks1eWptQ01OemVmRUw3c1p6eDhid1BHMnExWnFTOVY1MzRiTGwzUDhPTXhBUG5EczFBSlZSbm5lUVd1Vjl4X005b2Q1eXRaUThlZU1aaFd3bEF4QnM4RTd2WEhKYzMteFdtUEF3YUF4c3VFbTY3THJ6blZ4N2tWdHE0SEhJb0JWU0ptanBObllERTdvR1B4T1hxVzJsX3VySk5PM1B1bFo2SW1kUGphUk5jcTE2ZmpKWEFTNVN5Z2p2SG5ISG1pQ21vVWE?oc=5
2026-03-21 18:13,EXTRANJERIA,"La población extranjera con documentación de residencia en vigor alcanza los 7,5 millones en España",https://news.google.com/rss/articles/CBMi4wFBVV95cUxPTFJRbkhtcWlWaXVibHdmY3ByR21waE5ESXpDczRrV2ZicVVBQzJSSUNaSGNveGdXenNTeUVBcjFkekkzZ3VFSnJUaFB5ZlU2amRtcFFSZDRFQU1KdG5hSjJOMlZSNTdlLUdqekl0SV9VSjJZNjhxLXNwTDBwY01WY05HLU1IWGJUSTd6R0xQa2dkUWdFMmV6N0ZleUJTbk11TWdyR29fYlBuSmxOcUFjMFc2ZVNCeTc5aWJYYUNIWUxnajlxRW1WdlE5Y3lwOThMUmxMSUs1TU5mbUlNLUVOZGRtTQ?oc=5
2026-03-23 16:35,FAMILIA,Modificación de medidas definitivas y guarda y custodia compartida: Análisis de la inflexión jurisprudencial del Tribunal Supremo ante alteraciones sustanciales,https://news.google.com/rss/articles/CBMi9AFBVV95cUxOeUZxRldiMzFGbE9tM1BNZ1dpX044bjhjRzRsa1YxZzZXTnpwMEwxcmFRN09IMTRZTDdvc0tpZzMxM1BpYlNwRU1PdlN5OVRwWnIwVXMzbHFibzJOd0lFMHRrV3p0cGtybVIxVlhoald3emZIbFFYM3AwdzM4U1daLS1sYjBxd01NeDV2a0p3WXk2OHVOTnlLQTdjbV9tZGgwNDExY2tfdWxCdGRUT3N1ZXNHTTRkQ1JTUVhUZ2thU1VQalpseWY5N0pVaURVLUluWHEzUXl2WlotdVdONk9CYWpqMllGWTF1OXBoV0x5R3BxUGRr?oc=5
2026-03-23 16:35,MERCANTIL,Tuvalum entra en concurso de acreedores y deja en el aire uno de los proyectos más visibles de la bicicleta usada en España,https://news.google.com/rss/articles/CBMizwFBVV95cUxNRTEzUHVLZjNJcmRwU0QtY3BEQTcxb0djc1Z1MmwyUXIwbGNzVEJfcEJjbkpjSW9NNzNrYmlrMGJqekRqSzFKYWY2RDlIMThpMTFnRnYtMlJqcXZTeDFUV2N4ZFRoWlJlN18tWUVXcmxNWG5lMGVZUk0tSE1vQ3BHYzBVUHI4d2tQdUNLd01WekJwYUVzV0ZoVjNsd2Jjc2VjUjFnTlowLTE0dnRCeFBYSzd2NlFPOF9nQ3BCV1FvT045NkNFTThYVXJnRzhKZzA?oc=5
2026-03-23 16:36,EXTRANJERIA,La regularización de migrantes tendrá ventanillas propias en las oficinas de Correos y de la Seguridad Social,https://news.google.com/rss/articles/CBMi5gFBVV95cUxNekNwWk1Lel9KZGdxb0FEQjl3RFZVRDZsTFFJTklDN09tMWdJQ1FhdmJyNjJ0a0lmV2tydUg3ZFNsOGVseE1FQkJaVkNFZEphdGYyOWxpMG80Y1F1TWNrMTA4bWtMUlJWeE9INWhmVU1wMklmRmxob1V1YTFaeGM1OERVWHk4M3ZQajdZWkVSVzN0V3lOR29ORTdwR0c3Vy1veWJ3Skh4cW1DN0dJV1Q0azlNSlBUWFplNEM3SkxUYWVkU2I5RU9RQkt3OUpEVTdUTVJ2cUlhLXpYR2tMcnd6M2JlaGp3QdIB-gFBVV95cUxPNVNqa3REVzdScHkzbTZTSHJ5VTRDUWRyOThzUkRGNUNBRklQaXdoLXpPbm1hOXRBZ3l4b2RISXNyR05NNlQ3ZUxYRFljandwdjFnR1F3RFBYX3dIWTZMaGtsX09xQXN3TFh4VWFncjVBR3pKX2p5eU5OS3B2bW9MMXl0eFhrV0VnMjJXaTdIRG4xR2dTUFJxLVFuOTQ4aUN1WUY1ZTJzTW9XV3NDaDNYelFOOXRRdjh0VVI0V2N4SmdXcVF3ZHk0d1lLYkdYWUU5TDliamlXekJIUVc3UVMyUHNjWVpGcHRHZFk0MWJ4SVlDZ0tZQzZ5bTRn?oc=5
2026-03-24 07:24,MERCANTIL,La Audiencia Provincial de León emite una resolución pionera sobre Segunda Oportunidad,https://news.google.com/rss/articles/CBMiuAFBVV95cUxQdG9qTG1EemxCVG1uV3piMlZUWHVERjBaSVo2VjdaVTRRNjltSHlzVFRCQnp1eUQ4YTdtSV92MV9STzBITkhSWWtiYkVhQXdNZzZySmxNWnd1SlNWVjVWVXJxTlJ0WFRzdkRVUDFDQVhaZEtCT2MwbUJoZU03b0EtQjNSOHFrRVhNT3dTSFJUWWloMFNOMV80U3l5VzBHNG9kaGlGN2hkNHFsQTNaU1p3R3hfUDVia0s30gG4AUFVX3lxTFB0b2pMbUR6bEJUbW5XemIyVlRYdURGMFpJWjZWN1pVNFE2OW1IeXNUVEJCenV5RDhhN21JX3YxX1JPMEhOSFJZa2JiRWFBd01nNnJKbE1ad3VKU1ZWNVZVcnFOUnRYVHN2RFVQMUNBWFpkS0JPYzBtQmhlTTdvQS1CM1I4cWtFWE1Pd1NIUlRZaWgwU04xXzRTeXlXMEc0b2RoaUY3aGQ0cWxBM1pTWndHeF9QNWJrSzc?oc=5
2026-03-24 07:24,EXTRANJERIA,España usará oficinas de Correos para regularización de migrantes,https://news.google.com/rss/articles/CBMiqAFBVV95cUxQemhQbTFhVmpaQ1J2RjV1enl1bmJFZWlld0s3NDlZNjVfQWZPVlJYU0ZNNmNXVzdQM2tUMTRyTGlwc1ZJb1VDdFVUNlQweF9aUllkRURlbXBfNy15dzlKbWZ3TllSYmtUWml3bTU4WjRJLWJGVHM3TEVRcEs2dTQ2Rm9MMHRyTDhScFkwZ0Q5LURGNl9vMWpDcGNFUHpsaERjMHhCNVdJX3A?oc=5
2026-03-24 08:36,MERCANTIL,Trinitario Casanova cesa como principal responsable de Baraka tras su inhabilitación judicial,https://news.google.com/rss/articles/CBMixAFBVV95cUxOMmcxeUJ0UnlzX0V0b2I4ZmhBOExfdWhyQ042cFNsaUJFbzNJaDVsV3JoTzZEWGxuS0xsSExqdW1SM1dUWjZDX3FTMmZaRHpCTG5lXy1MbFQ5ZXcxYlJtVDluYzdSQnJMQWhySnlrNWE4UzVtZ1NXc28taER0b0lIQ19aQzg1Sk9DV1hUckJwTVV1MVBmVVk1WklhNkRsWkxUTDg1ODRFSUoyM0VVOXJLbmMtXzVhQUJ2OVZxNlp3Y3VNX181?oc=5
2026-03-24 08:36,EXTRANJERIA,Correos y Seguridad Social abrirán ventanillas para gestionar la regularización de migrantes,https://news.google.com/rss/articles/CBMi6wFBVV95cUxOU1FlTHNES3pLeUJQWk12OF95SVlSclJwREt4Z01ZOElBMmZFdmZ6eDVPeVd5OS11SUhMMmw1NzlkRnRBZ1BESkZoRzFkRG83RlVacTJHSm9oZzVPZ05IMVJMSzNPYmR4VHdTOGlPVzc5RHI1NFVPTUNocFFjclZxY294U1pZQS01WlFhdXFoeEVWdHY0TUQ4MlZMUU1hRzJveGFGUk14eG5PWWdhdHk4RnBYaG1KMG1pdW9Yemgzd2EtVVF5clpIb1JqeFJhaDVPVUVneHBlLUUwNVlIamhWM0todXF6cE5nd19R0gHrAUFVX3lxTE5TUWVMc0RLekt5QlBaTXY4X3lJWVJyUnBES3hnTVk4SUEyZkV2Znp4NU95V3k5LXVJSEwybDU3OWRGdEFnUERKRmhHMWREbzdGVVpxMkdKb2hnNU9nTkgxUkxLM09iZHhUd1M4aU9XNzlEcjU0VU9NQ2hwUWNyVnFjb3hTWllBLTVaUWF1cWh4RVZ0djRNRDgyVkxRTWFHMm94YUZSTXh4bk9ZZ2F0eThGcFhobUowbWl1b1h6aDN3YS1VUXlyWkhvUmp4UmFoNU9VRWd4cGUtRTA1WUhqaFYzS2h1cXpwTmd3X1E?oc=5
2026-03-25 07:05,FAMILIA,Padres Unidos pide custodia compartida y reforma legal,https://news.google.com/rss/articles/CBMi0wFBVV95cUxQd2Yxalg4a1FreU1xNUFiU0RmV1owUUF5eGJvc2NOOEhJeUlpNnZVZWhaVVBibjVScF95aDBxLXpMVGl5RF9PWVpfVmpIMncwWlFVV0hwNWEzSjU2U2ZBdzYxLXpvSTVNNVlIM0llQW8yQUQyMENyLU1sbS1rSmkzV2l1OEhtZmh5dmRNbjVXLXhTbFA1WDFxSXNNbjBfMWxkcmR5VTVrQk4ybUl6ZnZmMEdlTjBEWU5qVDlpSERvNTI3X1BUMHdUQzNuLVJRbE5mMkRJ0gHYAUFVX3lxTE9JTVpSbkVXNjdQRnhyLWNHZHRUYnpNWkgta2prNC1DTFpxMzZKLVhmcHBQQjJTU1lWbHA4VXpLMUFPdTUzSi0xRHdKbW91dktCMGk4RFhaV2NxMURWMDJ2M1Y0OXp1b2dtbEJFQ2xrbk9YeE9LT0swbG80S28zOGc5b3dlRTZub1lSbmEtbkZmZ2NlZjlMWjlyLVRzZU5XcFFwUnFTY0dGblJqellZX2NtZWRHRkMxWkVUdzY5aDBtZ1M5bjhqTnN4aS1ZdXc4Um8tb2lZeklJNg?oc=5
2026-03-25 07:05,MERCANTIL,"Trinitario Casanova pone fin por condena judicial a encabezar una veintena de empresas, la mayoría del sector inmobiliario",https://news.google.com/rss/articles/CBMi9AFBVV95cUxNd21Ib2tJbE1lTEd4UmlwZzJkbF9SUGlxNXNXZUlienFIckNUMjJBZzdKV2N0UEQ4ZTA0SlJubTdpcENvb0FRYzhyMUF0a214Q01wZjJSeFRxMmxZME03a2NYRzI3bVJrZVVRRW9mQ0VlODI1eUF1TkR2Zm5OSWxUdEtsMnBKNnJjcC03MDBTR0RNV2xxcG4tM0Foc3Rvd09CdUI0dkwyc1RUd1VkV2ZOV2tPaHNxYThRbzF5U1RUcVN2SHRYWHpkQUVYOVI5WlVEQTZKWDhQV0w4UnlGM2NnZGs0WUJRYmZic202NEhLcUtMTXpC?oc=5
2026-03-25 07:05,EXTRANJERIA,El Defensor del Pueblo alerta de que la reforma de extranjería de 2025 precariza derechos y rompe la integración de migrantes,https://news.google.com/rss/articles/CBMi1wFBVV95cUxQUHlaVHQ3V1VleG5PR241NXlaQ0QtVFpFcE5TMjctZDczakc3SzVHcXZiV1RZNVNsS2xDUXI0Sm9Tc0RnZkZHVkpzMkJJZ3FzVXZUWjV4NzZBelQ4dTVBdzV6TXJfTHVWNUpYbGV6N18xZS04NnBLQVhvMmFleG4zeHF2MDNYUW96Q2otd3p0QmVSZ3RGUVprQml0VjF0WDczazBWRXhRMWFwOVp6M2xHSlNQVWcwTy1pSkR2NUxsU3VYZERxU0o2M1RUcC04OGpjdG0yTzlJYw?oc=5
2026-03-25 08:35,FAMILIA,Un grupo de padres se une para blindar la custodia compartida ante las leyes de género,https://news.google.com/rss/articles/CBMikwFBVV95cUxQbFpBSHFJZDVuYzB0TjRpSW9QUEJLejJGQXNIckVaVGxSZFFLWjVZaGFCUWdzRmd5OHFScjZQZTFrbE5WRDJfaVFJN2RUTmNaV1dkc3BmYTFnXzFTd3ZIaFBPNl93WkJXT0NJWlhoeEUtc2Q3YVhUSk8telcwcTdqT3JycEVQU3lrMHlvdUNKSGFsYk3SAZgBQVVfeXFMT3FJVXlVdzFnMV8zdENCMUlQdEVDQ2k0T0pnaXA2S0VPVUNQalF5bXowMnJudWRjc0FEZUVoLVBpME9IempCWUlSZV9CRms0REFiRllpTHlhc0tUc21DMWh0SkR1bUJldWZrYVB5TEFKR3pqQ0NSeFFtaHU2Z3BEeVgtbVlFcE5jcXdpRF95NHB3VE5hMWoyNDQ?oc=5
2026-03-25 08:35,MERCANTIL,El centro comercial Oasiz cambia de manos: el acreedor Cale Street se queda con el negocio,https://news.google.com/rss/articles/CBMi3AFBVV95cUxPcjBlS1ZMUHMzMXdCV3lrSEUwSGpnUldSMmo3WjBVTUIzZVc1REdRRmlRaWo1TGQxeEFmdERpdHg1bFB0QlE0ZUw1RGMxcjFjQjkxbm1TZzdjTlZKbFdXdWJ5Wmh6aUFadDhzQkVPMXZYYkVabjJKVVQyc2pYelYwOEgxUFYyTGtuSFYtUXpBVFJKYnFrSWpwOHc5QUhoX21jazBRd3l6dWVNcUlLUHktWkc2dUgySXRUeGxTOW1ra0dyWlZuU0JwRVFSTjVjN1ZMcHotQ3FkY0Q0cktp0gHwAUFVX3lxTE8yRDZmMnpDYnZfQjUwQ3N1RWtRVERwLVFTTnJJbFNmZU8yb21sZ3J0SnZ6U0NsTGNzRFJHUE8xZ1FXV3BnalJSZzhKLWN0R1gzNHptS3BHTVZLRUY1S3phRXcxdU1VNFRIZjNqNDZPdWoybTFXV3RKQWN0b2xQZmpEU0JEclJsTFpfNlAyekR1RnBRakhDVXVrdnNqZGh1UkFKenJKQjJNWlgwXzJ1N1pRbGVlTHZCdmlZRDhMbFh0N1M3dmZ2OHoxMnc4RmtBVnh6c3U5aTlCOXlUd3hiLVRMX3ItRVR6TXpCREhyU3gyVg?oc=5
2026-03-25 08:35,EXTRANJERIA,Tres jornadas sobre el nuevo reglamento de extranjería,https://news.google.com/rss/articles/CBMi0wFBVV95cUxNZXB2Sy1INENhQ3ZFVGhHUk1uNTJ4VVJHeEZrWXItUlkzOTgwcjJDZU05Q3RyWWlYUGlXWmhQRlhLLXU1cDY2TkRoNzJoWWVCaVBFVUV3bkpETTJTTS1xTERDNEQxYktTTVlwSlgyaHZkdEJiQ2dLUnRyNGtHbEc2ak9hYUZZRFZ5MVcyQkFRUGpVVHJoUE8xUWtnQ1dLYnZMd2JvV1VWbFgzeGVnMEZEQUFOaUlZWjFlcmtHUjhfVFU1LURGamxZVGtPSHE0UXpUZzBZ?oc=5
2026-03-26 07:12,FAMILIA,Los padres divorciados de una menor de edad recurren las condiciones del régimen familiar y la Justicia les da parte de razón a los dos,https://news.google.com/rss/articles/CBMiigJBVV95cUxQRHlkYzNvT3d3am41TmM1QlN5UnRoalpkTkJ0TlI2LWZUSjNMamxTSm1yaTdhdFFDQ1FqZVV5bmxTSXg3YTlrX2E2RFZPUkROSk9aTG8xaFY0MDhSOE5MdWFaX25TLUNPQlNTaUNCLUtkempKMmdYb3BxMUJmZnF3dS0zNVE5RWZ1M01kTWZfUkY5ekNtMnB0NnlxQ3hhVjVqeUk0dG5OTlpCcVNVdVMtVnVVUkJqbWs3VTdkeDVTYlV4VDlpbFg0VF9BQ2F4RjRDMnBJWDlLSThHTTR5VFdxUU9nMVY0QWpKbFZIdWlybDVKU0xtMjluRlZXOXAxajJTZi10TERDN1hoUdIBpAJBVV95cUxPdEpsNThXME5jY3hPVEtvVlBSYjdBTWpKdDFQbFRFbE0tUlpmcUZ5WFE3bGpEbHN4cWxMUU5LWWY4cnhEVFU1bUt3amcxckt0QVhQZWQtREpPVkpEQWNrRXBGbGZVYXNqREZwZ0U0RnRkcjNJMGV6Z1pONkFwdm9RT1ByNmU4QmVCQ3VwbEl3SXlDd2dNaW1TUVlKT0h1aDdiN3lCVC1sMW1FWGxJalhmaEVEOHdxOV92MXlKSF8tNFl2bTAxZmpSOVVGZ3dyQUZKcG1udFBvaXJ6SWo2ZWVVTnJySW5lV09aRHVmcGVucFJBVmc2MlVEU2dzMncybGt6bXA2YjdLeGR2LWpwMDFLNFdlTVhPTjRMOEMxWENPZGlaTnRx?oc=5
2026-03-26 07:12,PENAL,Caso Noelia: ¿Eutanasia es Legal en México? Lista de Países Donde está Permitida en 2026,https://news.google.com/rss/articles/CBMiqgFBVV95cUxNUFQ0NXRISTIzVGwxYjFScFZ0d2NFZVUyZkRueFhWb3ZzT0IyQ2M5MUlsbGljS2ZYdE9UUFVzcVozTTNmRWdvQ1g4S0g0VHhUYUpBSExWMHZTeWFfaGJOT3JkMjViZXBoeWxWSk9YdkQyaUZ2N2hULU4tTHBrbTVsVm9Rcmp5M0hjQzEydVN3TkM0ejc4ejRkR2Qyd2hJalpDandzRTczUGttZw?oc=5
2026-03-26 07:12,MERCANTIL,El Juez permite la venta de Oasiz por 140 millones cuatro años después de ser tasado en 195 millones,https://news.google.com/rss/articles/CBMicEFVX3lxTE45MVQ1MFRZZ2xFbXFKSFBFbzFLbjQtbXI4Rm5qT25lSkQ2S1FadTdHRmRwZl9WYjVwT05YV0lLUXROM0dPSFFkMno3WTdoeWtUaGFwQkxkdzc4RmRRYnhnQ3BndklzdkZIdFBybEFnNDLSAXZBVV95cUxPU1kxX2Jhb01qMXlCNjJzNFdua2cyeWVxT3JtNlBFRnVnbVFlMXVUTHV4cVZfai1FYmcxcXJaQ3UtNXBFVXhMaDNHdVRUaEluSmJfN215Zy1PZVJOYWwzN2duUGFzSlhIRTRBVllLRE5wdV9zOThR?oc=5
2026-03-26 07:12,EXTRANJERIA,"La UE vota intensificar la expulsión de irregulares: en la España de Sánchez sólo se ejecuta el 9,7% de las órdenes",https://news.google.com/rss/articles/CBMi6gFBVV95cUxOeGVUd3N1Q3l6YmFZdWpEbnVrVDlXRjVENnFjNVBLMlhxdV9vdC1PR3h4cGZhNDlJM2NBTE1FYVZUX3F0aFRNa1hoNjhIM1pkNmZZNXUwY3FsMV9GV1N5WjdyUEM0cnRpcmVpNEVWeDdqRnlGNFd2UFpHZ3NhSnFac1lBRGw3d3A0eTNDd3YwWU5CcG5YalB4NE9BVU5BbWh0LWo4MzZ4MFhaQl9jRXhOZTZRSVpmd1ROR3lnRGlXbEVhWkNfYXIwWkNzZnNmSmgxRDFEa3gtaTJPbkFwX05wOVpoLWFQQ1B3dFHSAeoBQVVfeXFMTnhlVHdzdUN5emJhWXVqRG51a1Q5V0Y1RDZxYzVQSzJYcXVfb3QtT0d4eHBmYTQ5STNjQUxNRWFWVF9xdGhUTWtYaDY4SDNaZDZmWTV1MGNxbDFfRldTeVo3clBDNHJ0aXJlaTRFVng3akZ5RjRXdlBaR2dzYUpxWnNZQURsN3dwNHkzQ3d2MFlOQnBuWGpQeDRPQVVOQW1odC1qODM2eDBYWkJfY0V4TmU2UUlaZndUTkd5Z0RpV2xFYVpDX2FyMFpDc2ZzZkpoMUQxRGt4LWkyT25BcF9OcDlaaC1hUENQd3RR?oc=5
2026-03-26 08:39,FAMILIA,Divorcio en Madrid: la Audiencia Provincial confirma la pérdida del uso de la vivienda familiar para la madre tras convivir con su nueva pareja,https://news.google.com/rss/articles/CBMikwJBVV95cUxPb1dxLWFRR05vR05xVDcwY3lpNkNoYXJOQVBvcDdNZ09ReS12OHc4UnJ4MDRrZTFvbFc5LVRJR0JELWNLNUl3U1JyeUIzaDNGZ2o0cGJnTVJLWi1wZnRfOHRhdUVDb19JWTV0SEhuWVRpTHFleFFzWTY0b2VEdU5tRUViZzVyVEx6NFdTLTVISHh6NXN5SlhQYWdJRWNlVkIwc21nZnBxMWNWUGgwRm9Nem9WM1BhMV9CbnREYVJCZXNLTkpXRnpZZC15QVlVYmF1a0FGU0s2em1VdEM4UHQ4MUkzMDVyQTdla3ZTWktIR1Azekpxb2ZaalE2aEY1VkR4aHlxd01QYVcyZkJwVVk0MnBzZ9IBrgJBVV95cUxOaVVkOHlQdHY4OVEtN3VGblJFbWxWTVg4RGpmWWdhZEI2MHg3ZHpyMmhtWDRHcDJfX3g3bHJkUTkyeVE0d29WbmdjYXlGOUVOdjFWanFSZXZBc2p5NWJRSWNVZWcxeVdaN0FnQUVlWmMycGdqSjBPVGZQR0Q2NXhUUHM5TVpweVBPdmVmUjQ1MnIxS2wyeFE2RnY4dm1LdDM4X1hSUVNIWjdUSGZKVWczZG54NHpQWUY3MEI5TWJxZW45ZG1fZ3RzN2N0VGF4c2NGQTMxX3lPR3g1OWlDWk84MGkwN1dlSXJMVEpVZ3hRaWhtcGlaS04zdUQ0WWhmNThhWnhMaUhtYWg5aDdqZk5YTWNtM0FwQWkxdjVzbVU5bl9URWpMRHlsb0duUFJXZw?oc=5
2026-03-26 08:39,MERCANTIL,Admitida a trámite la solicitud de concurso necesario presentada por el Málaga contra el Murcia,https://news.google.com/rss/articles/CBMi3gFBVV95cUxPeFgzUnhuT0dVUU9FYUd1eTM0TjF4QTA4UU5VNlFxRlFGY0dHUXd5OHZpUmFldHg4aUxxX3MzOFhTV3BNOUxNbElySC1jclNGaUFlc2dBR2EwY1VYRHlUdVBMLXFqZTJHVW9RZGE4dEV3M1NYU0JEZU45SDdJYVJJRlVKRXY0QVV5ZTZ0aTY2Z25sWHIyOGhiRnFBUnZqTDZnUG9oMFJYWDNCOVVFR0ZIZXl4VnAxX3RwSlZCNnViUDNYblVGanNfcU5zdlNFSy1TRXRiamIwaXAtdkVvb0E?oc=5
2026-03-26 08:39,EXTRANJERIA,"El Gobierno anunció un nuevo paquete de reformas: ley de expropiaciones, desalojo de okupas y venta de tierras a extranjeros",https://news.google.com/rss/articles/CBMi-wFBVV95cUxQN3dCeFVFMlg1R1oyQVFLYjg3akUzWDQtZF9lOEF3OXl5OE54X3dON1l5YzhmNVBiT25rZEEyTUxnOHlab285eFJrekVzMEdaemRFZUpTTmFfclcwakpOUnRlRGZRUlFpNVZRZ01nMVlkR1B1TmstczZXdWdReUZwUm5oVF9aTkdmNmdUckZERHV2YkcxcUp2d21HdjN5a01mX1RsVXJfc3FJQUwwcGRjQnRQdUJrTS1kV3dJUFMtemhxakZmcHhlNmxqUTAzeHJOVS1xRUhGOE93V1ZPMUZLNDFsX0YtNnlwRGpEX0VrRUpnVXRQNWNJY1I5d9IBlgJBVV95cUxNZ0ZwSUp1eVlua2J1dW0zTFI3cG5rZ0ZrOWE5T2h1RkVvNG1FMEVPcXRuWm5SWG5MS2J5eE1vODVnNFRCSENqRGtreXl3RWtoM1R6NGNiNjVxRG9IQXJKcTBOWFBKS0V5QTU3Y3J4ZnFyVFY2WFV3V2VONzJlLUdzdVNERkd0RWtCZDQ3OGJaS0haSGFQQ1N2bmtBOGpseDhCVzduNDU0SWtjdDZzSkh6SWFabXRYa05ERHo3NWJpYzRqYjNodEdxQjltT2xRM2tCZ1ZiSGhWQ2R1cFdpWUNlXzREQml5Sjg1N2tSenVFc3RmeFNFbUFFSU56bEh6NExjbDk4dDRTNURXQzB2QkdyeDdTQUZpQQ?oc=5
2026-03-27 07:11,FAMILIA,Custodia compartida: ¿qué pasa si uno de los padres se traslada a otra provincia?,https://news.google.com/rss/articles/CBMixAFBVV95cUxNZ3BwTDFneGNra281MFVuZlpSeGNMR3JvbEdwVmVidGg4RnZuSVhPY1Q3MEliNmN0NkJHQmZjSGNscEVrWnczd3BuYmR1cVZlaEZ2dURsQ1BPUW5RaVp3YVlRWk5CWHVZZUl0MDFCdmNfMjhCdWp2RGZWcXNRSGctSm1lZjBjbW5jaDVUVnFRMHBGcVVXSzFKU1Y4bFVZZkV3M3oxdWlpXzZ4SDY5VzhaZktXTDBYRDVIQW9SaHUza09jMUlL0gHKAUFVX3lxTE80cFFiNXB6SXRqdm92TzA3Zng0M2c1TXhvVERxeGtIMUtkZkZZTUNhZlhKYnRkZFRIZFVHNlJOMmNWNUR4SFNDN3hoOHVad1NzUEI4eXkwLUVJeElUdVUyd2hBc0ZrVGthUUd2cGFvT1FjUEtzMV8xTWF0SXhBZEd0U19ndTlkaHRxMnhxMS1oOGxnV19OcU1MU1BMTGwxYzFmc3c3cVhaQUw0dzlJaF9fdXZFZXJIWG5ma0FkOFhGMFpvQ2ItT3VyeEE?oc=5
2026-03-27 07:11,PENAL,¿Es legal la eutanasia en México? El caso de Noelia Castillo que se viralizó en redes sociales,https://news.google.com/rss/articles/CBMi2gFBVV95cUxQT3F1bV9pMTNPTlpLVkgzZDRFSWkyR2VsQUk3dGFUaDhBOVQ1VDF6cXRGVG43Zl8xekVlNElOb0pVMWppYzV6cUJOZjhfbl9YcUZlSXVZR3Bhd3lsWEFybkQ4RXhvR21MX0YtSGVuNS1WcVFIaUJGaGI5Rm5qdnpRUFhnTFdlaDFRNlRYdHZxVjh1WU40cDhKOWFpcnE2M3g3UnM4aWo1Z21aN3JUM2FWVzJ4QXB6V3loZ0F3U2doMTM4WUdhSDJtYk1ZY0pPSUYybkxRVHRkN0NlZw?oc=5
2026-03-27 07:11,MERCANTIL,La alimentaria Saluet se declara en quiebra en Barcelona con un agujero de dos millones,https://news.google.com/rss/articles/CBMi6wFBVV95cUxQblZROXRNSElkV2tqTlR6TC1NNGM5Um9oT2dDZUFfWFpBYlhzQVRvaGhGMWlzallTNWZsZ3lWMGV3LXFMVW5lOVozbHVuNVZ4eHhFRXo1bFNCcE5XUHk4WkxnRzFRMkc4YXdiNnQ1Nmh1cUFPSTFkVnJjNnRVeVdMMERVdXJEOGJISHRmM19oY1JDSEVlMl8zblpmMlZ5WXNpOFQzMlZjbVlfeXFTTVdMZE8yQmRKenRZNWZXc1VSbXl5MFhncDEwTl9TWHdwQmRfTnoxaF96b2MtcTZTZk9IZmlFbzB0RFk3RVVZ0gHrAUFVX3lxTFBuVlE5dE1ISWRXa2pOVHpMLU00YzlSb2hPZ0NlQV9YWkFiWHNBVG9oaEYxaXNqWVM1ZmxneVYwZXctcUxVbmU5WjNsdW41Vnh4eEVFejVsU0JwTldQeThaTGdHMVEyRzhhd2I2dDU2aHVxQU9JMWRWcmM2dFV5V0wwRFV1ckQ4YkhIdGYzX2hjUkNIRWUyXzNuWmYyVnlZc2k4VDMyVmNtWV95cVNNV0xkTzJCZEp6dFk1ZldzVVJteXkwWGdwMTBOX1NYd3BCZF9OejFoX3pvYy1xNlNmT0hmaUVvMHREWTdFVVk?oc=5
2026-03-27 07:11,EXTRANJERIA,La Eurocámara aprueba el reglamento que permite los centros de migrantes en el extranjero,https://news.google.com/rss/articles/CBMiqwFBVV95cUxPem5ZZi1STFljTWs4Ql9JX3A0aEhEaFRUZmM2Wm9QNGdacVFJMWFMYXdORE90ZzFTa2dTOHIxWTdaMExPeUFDTkx5d0IyV1dmUmNoZG43QkdFNW5zaE1venRPU3h6aWRYWHNxanZPM0ItZEY3Xzl3RU5PbGw2ZDRQVndYVDE1NkdpTTJybWRZZW01T3ZHVXlaelRTaW9GVGVwR0Y3QlpGbVNKNUk?oc=5
2026-03-27 08:36,FAMILIA,Los padres divorciados de una menor de edad recurren las condiciones del régimen familiar y la Justicia les da parte de razón a los dos,https://news.google.com/rss/articles/CBMipAJBVV95cUxPdEpsNThXME5jY3hPVEtvVlBSYjdBTWpKdDFQbFRFbE0tUlpmcUZ5WFE3bGpEbHN4cWxMUU5LWWY4cnhEVFU1bUt3amcxckt0QVhQZWQtREpPVkpEQWNrRXBGbGZVYXNqREZwZ0U0RnRkcjNJMGV6Z1pONkFwdm9RT1ByNmU4QmVCQ3VwbEl3SXlDd2dNaW1TUVlKT0h1aDdiN3lCVC1sMW1FWGxJalhmaEVEOHdxOV92MXlKSF8tNFl2bTAxZmpSOVVGZ3dyQUZKcG1udFBvaXJ6SWo2ZWVVTnJySW5lV09aRHVmcGVucFJBVmc2MlVEU2dzMncybGt6bXA2YjdLeGR2LWpwMDFLNFdlTVhPTjRMOEMxWENPZGlaTnRx0gGkAkFVX3lxTE90Smw1OFcwTmNjeE9US29WUFJiN0FNakp0MVBsVEVsTS1SWmZxRnlYUTdsakRsc3hxbExRTktZZjhyeERUVTVtS3dqZzFyS3RBWFBlZC1ESk9WSkRBY2tFcEZsZlVhc2pERnBnRTRGdGRyM0kwZXpnWk42QXB2b1FPUHI2ZThCZUJDdXBsSXdJeUN3Z01pbVNRWUpPSHVoN2I3eUJULWwxbUVYbElqWGZoRUQ4d3E5X3YxeUpIXy00WXZtMDFmalI5VUZnd3JBRkpwbW50UG9pcnpJajZlZVVOcnJJbmVXT1pEdWZwZW5wUkFWZzYyVURTZ3MydzJsa3ptcDZiN0t4ZHYtanAwMUs0V2VNWE9ONEw4QzFYQ09kaVpOdHE?oc=5
2026-03-27 08:36,EXTRANJERIA,"La UE aprueba agilizar la expulsión de inmigrantes ilegales con el voto del PP y Vox, como adelantó OKDIARIO",https://news.google.com/rss/articles/CBMivwFBVV95cUxOWWR1eUdHdjBnd0xZTURlRWROSTlJbm9UdGhzX3QxMzZwOXo5WTZLYUZWd25reVptOEJQWUtlOUpIQnpXMDlPY182cEpzNlFTRGV2OXk5Z1hhOTdKWWxtYlNONF9CbTIwRUhOZ19Ma1o1eENyamFVQlJRdUVOSlJ3eTdnOVozLUYyUUc4MVhMRGR2Z0FJT2VHZjRIdmpZRGdBZXNLaXJ6WUZFb09jYmkwQkZrWXZjQWtLN2tyUFU3c9IBxAFBVV95cUxPTnVXRVM3VXZjbXoxa0hBOUhCNUJHeTM0N1ZMUUhfSjBiT2RVdUlQRG5TRFBSSnR0RWpaeW95OTNVM2Y1MnlXVWp2NFdIR3ZITHVNcnNleXZWVXBibzNSc3ZXTXNWUm1LTkJFTGJGdUVhRWtoZ1VaNHVHUFZKcXV6ZUxWcWlWcC1makdQNHlWREplTGFMYWh4cWZMX09GdkZhbzRsbUcwVjFPVnctZHduWk96emNaLW92ekdXeW13SXdiWHRS?oc=5
2026-03-28 07:01,FAMILIA,La Corte Suprema cambió los tribunales familiares | Los hijos podrán decidir con qué padre quieren vivir a partir de esta edad,https://news.google.com/rss/articles/CBMi9gFBVV95cUxOejlZMkRwQ1hHcjBXY2hhSkFjSElPMkdfU3BNLW01V0t6VG85Unl1eGxOSlV5bENmdzUwUVNlOWRyT3c0RWQwRk5ybTZvcU5Vak1lcUJVRzREWDY5dktwOXhtVGpGb1MzN2pyck9QYV96YlJ5Z3VSbTVrN3E5ZXdEc0NNdU1aaTZKYUhvNHVwdzRPbHBBNzhqaDhiN0tsb1VFdUJBYVg3bjhUWVJPZ0I4ZVhNZ2ZwOVRlMUNObmpoQW05akZid1I4UnE5T1k3SXlrM2JoVlpFekxlbHlGem1XeXRfUXpmM09pc1k5Uy1Ka21pZDZQaHfSAZACQVVfeXFMTm51cHdEYTJ0VVpTUHlvTndUdVVYRlEzRVJkUlQyWlU0amZNVk04V2ZnVURsd1g1TTVpaERwZDM1MmFHbXJqalJ5eFlILTJQUG1PYVNFN3BqMUZLYUhxZTVYQndrd2RsSk5WbVVMcFFkalprQzlUN3B2LU1zanpEVERSenlnVUw3UW41RUxGTnVTOWYyY1BFTm8tUFZ3TGtxZjVGdjZ6d3Y0d0hhcUlmX18tS1otRW9VakJsaE1CTF82TmxmdGZGR3dwdWE4b1pSQ0FXcEI0NjVqVThYRGhsaFU2STV4eWN4ZTBIX1hKNk1SSnc5ZkREcHVBT0FOZW1XTU9LbDYtVmRhcWtjelBfMzg?oc=5
2026-03-28 07:01,PENAL,Defensa de Nicolás Zepeda presenta recurso para intentar anular juicio que lo condenó a cadena perpetua,https://news.google.com/rss/articles/CBMixwFBVV95cUxQYVJQUGZnX0ZHT1ZpUURfX0pZcU1BMGJGTWwwUmFnQlF0VnJvT0pBWjNkQ2t1clVfUWtlT1VZMEhwSXRLU1JCbXNXMjBmR0tkU2lMNzBJSkx3M0RQZ0VIcWg4NkFtTndYRHNHckQyUnJEZWNYcldCOWdJeFE3YjBjZXhRSldLN0MzUTFfMTEwU0kzMkNpTi1md0lKb3VtdlR6WDQzejB5M3UwbjBFeExIU3ZoS3JhTW1vYmVFLWZ5dEtNcnVpVVNJ0gHHAUFVX3lxTFBhUlBQZmdfRkdPVmlRRF9fSllxTUEwYkZNbDBSYWdCUXRWcm9PSkFaM2RDa3VyVV9Ra2VPVVkwSHBJdEtTUkJtc1cyMGZHS2RTaUw3MElKTHczRFBnRUhxaDg2QW1Od1hEc0dyRDJSckRlY1hyV0I5Z0l4UTdiMGNleFFKV0s3QzNRMV8xMTBTSTMyQ2lOLWZ3SUpvdW12VHpYNDN6MHkzdTBuMEV4TEhTdmhLcmFNbW9iZUUtZnl0S01ydWlVU0k?oc=5
2026-03-28 07:01,MERCANTIL,"La Justicia perdona más de 1,1 millones de deuda a un empresario de la construcción en Sevilla arruinado tras la crisis de 2008 y un accidente incapacitante",https://news.google.com/rss/articles/CBMivwJBVV95cUxNcUxDT1VRNjg5YlRKZkNvbkhFSG00UGhBbDZTSDRHbHpWUFNiSnZlTkdjS2NJb3BDTlZONGw0SXB3eHV5Wm16MnBkQ3BrX2JJWnhmUmM5SXFLbkRvcUVTLUg3VUF6TEtSR2RBOGd0LWZ6SjBBNF9ZaTIxbVNNUGlYeUVPWGM0dU5KaXp3Z0NTTEM4aFVhVlg0Mlp2NnJ0RUNKUVpTZXFLTUZ3T0lHTFkwSmQ0Zy1SM25iZEhZd0h0MEstaEdmM1NEQ1JBN1RtRkk4eVZDejN2NDZfZ2lkTEl0WTFBV21WdkJKdWJ1WUU1WHQyUUJwU0R5MXlndk5hS2JMenlqcHdVVEVaRHZ4TTVJQXdIYWVYTV9hYy05eENqZGF0RGRyd1NLT2VBWDdxZDJtcGZsWjdtZjdHTV9NWW1N0gG_AkFVX3lxTE1xTENPVVE2ODliVEpmQ29uSEVIbTRQaEFsNlNINEdselZQU2JKdmVOR2NLY0lvcENOVk40bDRJcHd4dXlabXoycGRDcGtfYklaeGZSYzlJcUtuRG9xRVMtSDdVQXpMS1JHZEE4Z3QtZnpKMEE0X1lpMjFtU01QaVh5RU9YYzR1TkppendnQ1NMQzhoVWFWWDQyWnY2cnRFQ0pRWlNlcUtNRndPSUdMWTBKZDRnLVIzbmJkSFl3SHQwSy1oR2YzU0RDUkE3VG1GSTh5VkN6M3Y0Nl9naWRMSXRZMUFXbVZ2Qkp1YnVZRTVYdDJRQnBTRHkxeWd2TmFLYkx6eWpwd1VURVpEdnhNNUlBd0hhZVhNX2FjLTl4Q2pkYXREZHJ3U0tPZUFYN3FkMm1wZmxaN21mN0dNX01ZbU0?oc=5
2026-03-28 07:01,EXTRANJERIA,Centros de deportación de inmigrantes en Marruecos y Colombia: el plan que apoyan PP y Vox con luz verde de la UE,https://news.google.com/rss/articles/CBMi6AFBVV95cUxONG9NV2dDc1NKTDBWMzdvZ1o4UXFyX1FhQUhLbGRpWW5zdmNPWF9NMnhJak9YYy1NOVZ3N3ZOWjlsRHBRR2Zfa0xjeGlWTXpLU2Y0UlFMOWdxYU1aWURuWlhuOENZNDFpZWFGTkppUDN4QXJiX0psVWJ3NVl4c3RfV0R4UnVvY2J0c0IxUlhEaUpaaC1jbjU0SnhLMVZwSVJrVGx4X1RYLS1mYnFENjB0dEZEWDZ3aHVwV2NkTHFtVlVaUmhPQ0lvU1YzS2lJVC1xQXBWVndjN0pWOHp6OUFJbkRuSXVUYlZ50gHoAUFVX3lxTE40b01XZ0NzU0pMMFYzN29nWjhRcXJfUWFBSEtsZGlZbnN2Y09YX00yeElqT1hjLU05Vnc3dk5aOWxEcFFHZl9rTGN4aVZNektTZjRSUUw5Z3FhTVpZRG5aWG44Q1k0MWllYUZOSmlQM3hBcmJfSmxVYnc1WXhzdF9XRHhSdW9jYnRzQjFSWERpSlpoLWNuNTRKeEsxVnBJUmtUbHhfVFgtLWZicUQ2MHR0RkRYNndodXBXY2RMcW1WVVpSaE9DSW9TVjNLaUlULXFBcFZWd2M3SlY4eno5QUluRG5JdVRiVnk?oc=5
2026-03-28 08:24,EXTRANJERIA,La Eurocámara valida crear centros para deportación de migrantes en terceros países,https://news.google.com/rss/articles/CBMiywFBVV95cUxQMldHclloRnNHSm9BX2VheHJ1YUlubVJpQTdncWk2azYtUURKSVkzcjVlcUJWUTFhMm1qMzZLbU1uSjM3cXR6UllkR2FoTnlNaG5KdXZaR3NWWXFjMGdXX0F0T0ZjdjdZU295MU9BcldhZllVaFNGVWJDTzhNamwwRW14RWF5LUlqeFZtV0dKQmxGSVVtOG4yblZxV0NiVkVtNng5am5pdW8xVXZRcWVSSmpDZUFZQWJrVzZHNl9DV3E2TmQ0b3RwMU50WdIBywFBVV95cUxPRzlhU3FGM0R5R3FIOENiN08xbjE4c0otVUNiZklUX0Q0RW1NRGpWSElhVXZza0RiV2xIeXVYdC1HTE9uZWM5dVIzemdQaTFkUnFwZWJmYlJaNmhZOXA5OWE2OFFyMTFaTF9aVHZmZ3dYN3oxSGtBVG1IbldJWFJnWV9VTEhSemZPVGxXU2ltVUhSVk9CazhiYTgxNW5TeUR0YlhnUnB5LW8wTUd0NXlTV1pMWFpqUUNweEFlM09oeU93UFhIYUpwc292TQ?oc=5
2026-03-29 07:07,FAMILIA,"Pretensión alternativa implícita: Corresponde aplicar la suplencia de queja deficiente para declarar improcedente la pretensión de tenencia y custodia exclusiva formulada por la madre respecto de sus dos hijos, y así mejor concederle un régimen de visitas y",https://news.google.com/rss/articles/CBMiigJBVV95cUxQbnJOT1RHUnRmRHdQb2ZUX2I3UE95MlhZUmtpcmNaMWVYQjBORWR5QjZPLVAzZmo0SFRHQnl3eW5kTHVoYjNXVy1BQUs1Z1hINjNTZkVkcDd5d09lNjVHUkpwa0dISWZVRXNYeERBal9JOTBVcGpGc1U4MGMxRG81YjJQclU3UF9sbkZsQy1CMEUwMV9nV1ZEWUsydVhVTi1vRlZ4QUM2SkpWazhCRnhaaFhpYnNnTFk3VmFIR0wzM29mSzlNTFd6X3hia2xGV2M0aEhudlIzVExfaVFmTy1PYkdjUVBMMXpZWW5GOHYwUjFDaWgxTkt0MnhmOVlLYWQ1TnRiUEM0V1MyQQ?oc=5
2026-03-29 08:26,EXTRANJERIA,"Mientras sigue el debate sobre la regularización de las personas migrantes, hay que prestar también atención a la importancia de las distintas modalidades de arraigo en los procesos de regularización",https://news.google.com/rss/articles/CBMiigFBVV95cUxPVDdjN1duNEFfeUYxVDNLdi1kdTFIOFB3ZzJ6dlhhYnJQVXVGaWJibW9tcmN0MDhfWUJPdTVIX3ZmZ2VrM2Y5UGZTdVlQN3laWFd2UXdlUFB2dFNiYmFxeDlpTktFamF0akxhVkpmNWZTYmNtVGc4Qmd5Tmd5aGtmdkZOV3JiVkFtUXc?oc=5
2026-03-30 07:45,FAMILIA,El Supremo aclara cuándo empieza a pagarse la pensión de alimentos si cambian las circunstancias de los padres en un divorcio con hijos,https://news.google.com/rss/articles/CBMingJBVV95cUxQMkwwaVdmU2JKS2gyRGpyanNCcFBwcUFrUjBEVFRhQWtMVUVhY29pbkw0REIyaUxIcnhFRkJKWWpNdmNJTzZrQWFMdHJVeUpJNjBtaWxWZDBaUjVBbXZlNy1BNlQzRU1rU3lqS3ozUHkwRE5rM2pjSFNRWUpnRi1XTGZubkNYVTJZMC1nLVpxS1NPdkprNUlyellOT2FRbTl3d3pBX2Zfc0gzcEhacFlOLXdsbElPTnIxRUUtU3duaGVpNHpWMGpJakoxTVFiWVRBbk02MVJnU1pZMFFpX0ZTZjA1d0tCYllWNW9CdDFoRmRPYmU1M2ZucEp4NVFvZ19QUm5MZVpBT3dOQWg1cnczdG9rekJFR3MyT0t4RzN30gGjAkFVX3lxTE9RRXhUWFUzeHNzd0N1SGRPUkJHbzFEZ09fdGtzUHZPNGl3T2pUYUI5TUtLRjBxSTVBT0JhMmZySVFrdFZ6NFZINGc3anFDU2tGR0JBNzBTNV9OcjI0NlJJdTRJWElhUXU2anJNNDBtZ2M2WU5HQk05ck11aWJ5OVZjQkVxanN4SWcwZDE5VkdpbmNTZXN5MVhSeDJCaEFNbkhiZGV1OXJlR0txSlFlMVJtTV9BUkhNYkVrNC15QzZTNjFSYV8ya2MyQU02b0EzMnM4WUcwSUpmNFdrdFNGQWd3TkU4eHpQX29UXzlYZ0pkaDh3QmVXVDhHaGJRQ0l2VjJxWjRhWXZkaVYwaVRDQzBRc1hjcGpoSWZpdVUyVFhrTVBXdw?oc=5
2026-03-30 07:45,EXTRANJERIA,El Supremo marca jurisprudencia y avala que un periodo de incapacidad temporal cuenta para poder renovar el permiso de residencia y trabajo,https://news.google.com/rss/articles/CBMijwJBVV95cUxPSjNza2Nacjk0QXhqRHRPWkhWNkowT0VDUjd1NjNTa0dRT2V4RGNTZUpmNDEyaTFuZEIxRjVJem9pN1FIcjRELUNnclVNeE40LUpOdHNiY0tibHB0U0N5QWRqRjNENnhHd21GRWtoM2FZYjZ3NlNITm1PYllJUFR2d3BFVUpRdkNVSFMwTzU2M18yZlFkZlpWMlNNc3BqeGtoNGZNUGZza3JTUEV5TE9HZVluQmxGWDByek5yQXhJU05xZ1Y4cFlBUV9XYTd6bzdjWlAtUDZKeTFtLURPUWs5T0Q2T2M3ZGMyNm1KS2JYVHZtZkZlRE1SSU9FeXc5bGpDbUpVUkcxMVRMbl9VUTRF?oc=5
2026-03-30 09:01,EXTRANJERIA,El Gobierno choca con la ley al eximir a los inmigrantes del certificado de antecedentes para regularizarse,https://news.google.com/rss/articles/CBMiuAFBVV95cUxOUjJvZGZmSFlDdUloelcxM2hxQ3hzUVI3UjloQ3V3ZUVDdmIzaXdGNW1yNGdicm9zbEo4THZoT3dBdFNoMExGV3c1X080YW5STlM3X3JSajdJekZBaWxBb0ZVeU1YU3NTVW5SMDFuNUdaOFdpMlN2ZllxYXdDTk5IODh1UVcwQTZITXBlZ3JDM21VeXpVb3g1SFEwWE40MU5rQ2s2Z2U2MFpKN2U1WThOR1kwbVgtbnNi0gG-AUFVX3lxTE4xbTJjZWdjalh3a1F4QS1oUTd2QUlEU3F4QWFjTnNtM3g4cmJXalhPLVV6Uk14X2VRbzJRbDEyVEkwZUxLb2xSWTcxM2VoMlFIUVI0bXlyVFRBS1BUNTR0eDlNMGxuODFKSmhfNEN6RExfTGRkT2JUZVVrV1p2ZWJhdHg5Z28tam1ac2o0UHN4d2Z2bGFwSVhYT3huS01GY0FhbjZGdHREY3JyS0NaeHJWV0J6TDk0ZUZkbEtvYkE?oc=5
2026-03-31 07:18,PENAL,¿La eutanasia en México será legal? Samara Martínez lucha por la Ley Trasciende,https://news.google.com/rss/articles/CBMisAFBVV95cUxNMXQtUkY4NVgyUnlEdzlNX21JWm84dTVkVUswMWIwekZlazk1ME5PaXhDQjBsM01NZHRUOVIzQkFpR0JySVhmcndRLW12TWlSamNvOEw1NzdMaFJxclVpckd4R1pYamJXcFFFR2FkN1NkY1JvRWhuQl9TMHIweHpEQUI4LU5TdFE2VUVNOW5QMGJyTjlWcVdJN1FJUzJVcXhaQ3hEZzBUMEM3SnFRTTZXTQ?oc=5
2026-03-31 07:18,MERCANTIL,Los administradores concursales piden que el nuevo Reglamento de su Estatuto Profesional regule bien su profesión y actualice sus honorarios,https://news.google.com/rss/articles/CBMi-wFBVV95cUxQSTRZT1Ata25mU1pvODZxRWFzazhLTkVWbTZIVnEtOG10M1BWQkNLOVVhd0F4aDZsSzh1TjV5elJ5WURiSlBaUklqcS1ucjNCVjQ0TzdJWE04TG9FSDA5TWxRem90ZjR2WjU3YVNkdVI3UUpWTWhkTUV0TGdHSl9HbHRuaDZULXlGZ0RqSVRnQ0haSllKS19oaVNJc3lWVXNETmRBaFhjaFozRHhhalNFZExCcHFfN1BoOF9ibEJwbHBpVkNGeDktd1B3SGM3bllxN3p4UzlWb0U5VHVtNDNLbERHMWNLZk1PMjZXbVQwbjdmT3RoZW1kZjdQUQ?oc=5
2026-03-31 07:18,EXTRANJERIA,Europa se fortifica con una ley de inmigración votada por la derecha y la extrema derecha,https://news.google.com/rss/articles/CBMiyAFBVV95cUxOd3g5WU9VY2JQSm5IaWRlWDdjWEkwUXB2QXppclRCb3dSa3ZJUUpyNWM1Y2FURC1EcnZNa1hYR2NqZkthZFJELWZmTEVLZXlFMmRNbHpNd2tPUHRFNzJ4UWR3OUFFZjVHWVBWS3JWMi1lUV9fWjRqcHpuTWpvMDFfaWY3ZUJvUS1mM3NTX3VxMnV4U19jRE5CSm5WZmZEUzVOR3prMUFCVjVJTlRYSXZTZk9uMTBBT2VZbVdSamxGRmRGTW5ORDU5VNIBzgFBVV95cUxQVGZncjRCdzk1ZXkwellkUEdiSTQ0cGVjR2RhN1ZUQ0JUN1FkNjBzTFJWR1BSN25QelFDcmJCdVU4dnRGSlpKQWZxc3NneDdNOWhCMHVaYkF2QUFNQUZaUmZNYlE2a0tIYmFEVHNWeUFVblhwbU9kWlBKSWx4Tm5SMjQ3d1JGZHdHWTdwaTUtSHhld2RCTFFWQkVBQzBKcWxvUGwzTUQtVVR0dktsSzExSzBrLXY5dXBqWF9OejMwOHNSalhIdlQ2Nm52VVVHQQ?oc=5
2026-03-31 08:44,MERCANTIL,La empresa de ambulancias Consorci del Transport Sanitari Regió Girona se declara insolvente,https://news.google.com/rss/articles/CBMi7gFBVV95cUxNVUt2ZjRXbm1odzZvT3J5Y3FVb1hRcEhvZkJjZEc2OU5kRXlHY1lDdGhPNGZsQzhoSGhSaERMSkNpamFyWEFQWVBaazZ3OVkyWERtUUlMMHRLbFZiTlpZSkVCWkZjbzQwcjduR3JhVC1lQUtyT2lWXzdZa19RTVNwenZ2blpKY2FCOFNfQTc1NkhPMEwxOE5lMWI0VWF3eXRxR2xrNHFlN0dYZVBjS19IY0lOSW5DOEJGYTZmZXFpZm41UVJIaHh1N21sZEpOLWNYUTQ2NnBhZWtYcG0zcWxiU2Y3U3RRLWxaUUxBdUZB0gHuAUFVX3lxTE1VS3ZmNFdubWh3Nm9PcnljcVVvWFFwSG9mQmNkRzY5TmRFeUdjWUN0aE80ZmxDOGhIaFJoRExKQ2lqYXJYQVBZUFprNnc5WTJYRG1RSUwwdEtsVmJOWllKRUJaRmNvNDByN25HcmFULWVBS3JPaVZfN1lrX1FNU3B6dnZuWkpjYUI4U19BNzU2SE8wTDE4TmUxYjRVYXd5dHFHbGs0cWU3R1hlUGNLX0hjSU5JbkM4QkZhNmZlcWlmbjVRUkhoeHU3bWxkSk4tY1hRNDY2cGFla1hwbTNxbGJTZjdTdFEtbFpRTEF1RkE?oc=5
2026-03-31 08:44,EXTRANJERIA,Nueva Regularización Extraordinaria de Extranjeros 2026: Claves de la Disposición 5128 del BOE,https://news.google.com/rss/articles/CBMixAFBVV95cUxNaXQ2RkRXeVRMZ2k0amFnNURXZWRFQlFucERoZHVHVVIzVFdweUFLUFN2UUhkLW1FNWo3RGd5T2VlSXBzTUhqeHhDbUV3UTZRQkctMk1WMzUwUW5jeFBfbEs2U0ktd2ZzRGxuemlOUEcybkRibHBnSzItS2dYalRKYldVVVdhaWxqMTJwX0YzR3JQMkpBSzJlX2JPdElnTHRFemNrbHlreTkzXzlNYm9rS25FSllnRlZVWWg0TDR5LVJEYjZK?oc=5
2026-04-01 07:24,FAMILIA,Japón introduce por primera vez la custodia compartida tras el divorcio,https://news.google.com/rss/articles/CBMiswFBVV95cUxQUjlMblhpSkJJMWJzbmprWXBPNmhyVXJjTkw5SzZDc0ZLUTdaYlNZQ0VRS2tYekVqOC1ZMFNhNzg4REV1eUFNVXZSZm1zalZmdVpNOHlhWEVzSTBDLWx3UnU4eFpEZXlnUGdzQjUtdzV3VFV5aEpUMzU1Q3YybGJtOTlHN3lGb0U3TnRDNGVSTzVzZkpjUktlLVQycmI0WktpOFFNSXN2TG15N0hBNnY3aTlKd9IBuAFBVV95cUxNeGwybTNFekdXMy1SczBldk0tNGVYN1FUamJpWWRRalZJN0ZHX00tblZPcDU4bHQ1Z2VJT0tPYmdpRUM0QkkyYlFkZThlVDUtbVVIakFCMS1DMzlhbGlvMXBSRjZRNXpHcWR5OTJXaFdiZ0d0LWljMlJUM1RDR09VRUEwbW5ackZ6cGlEb1ZUSkNLanNITlZ2VWhnYzhENnU3MVhTbXhIWmxsSjRrck9FX3BDQlBfZlYy?oc=5
2026-04-01 07:24,PENAL,La jueza rechaza que Mazón se pueda personar en la causa penal sobre la DANA,https://news.google.com/rss/articles/CBMixwFBVV95cUxPdVptVjhBUHo1ZUh5TFAtcDBmamhfbmg3bmNab2RmZWhtbU5wUzZkem9CcmU1VENUbENOU2hsNzlaLXlHUHdPUFZ1LUM2WG1yeHFBLXJGM0RSWEJyaEZqbGZ4WnA1LXZXWmlxMmRVbHIzcjZuVlZmeVFlRlhvOHNkSUo0R2J2Q0JpN2pnaVhJWHhONGJHWkFBVDFtRVFoNVVramNMOFU2bUl5QjFZSFFoTzR4MUFRaWlfNE9XYzY1Wm5NbS1kRjVB0gHHAUFVX3lxTE91Wm1WOEFQejVlSHlMUC1wMGZqaF9uaDduY1pvZGZlaG1tTnBTNmR6b0JyZTVUQ1RsQ05TaGw3OVoteUdQd09QVnUtQzZYbXJ4cUEtckYzRFJYQnJoRmpsZnhacDUtdldaaXEyZFVscjNyNm5WVmZ5UWVGWG84c2RJSjRHYnZDQmk3amdpWElYeE40YkdaQUFUMW1FUWg1VWtqY0w4VTZtSXlCMVlIUWhPNHgxQVFpaV80T1djNjVabk1tLWRGNUE?oc=5
2026-04-01 07:24,MERCANTIL,Las pequeñas empresas ya deberían haber elaborado sus cuentas anuales para este 2026,https://news.google.com/rss/articles/CBMi8gFBVV95cUxONHl0ODJSeExGOWNzLXJ3ajVmQTBWXzh6Yjl1UDZJNFdBOHhyNnZrQ1BSd01xaUgwVTlVUFBoOTg0a3Jnb3Z4SlNmd0FnT01jZTdCelJoOVVQSmgzQTdxRGJMcmUtcDdOdkVDNnlGdk9CQ2pjQUkxWmJOZDJ1eDJyWFVxMV9ySkljTUNkXzVORU9FdEFnaEVrY082VWpvbWRLaDVUM0xnMnVWcW5rUDNiaXZIdDI4RlVjaFlKeUIwX2VsYklNM2xGb3FQay1aNVdxMkRrSHdJaTlNako2TF94TmxGYTh4WjVuTW9PdzNZRFdVZ9IB9wFBVV95cUxNTmlZZFFLSzFna2hYREdzTTBCMFFOeTA5c05zb2pLQWUyaFAtcDZUVWhqd0lFeHQtTkxNelpKTEV4NGR0c1V6eW5XS0h3MlJwUFJobER3cjBwSnlNa1lid2xfY1lxY3NzcWU2TjRYU1E1X09GYWRhLUhtV0FmQ1I3U2JVOTM5Z01CMjlDNmJxNGNBekVhUWxKSGNBM1VkdmhmREhsU2JodkZfZW81ZWg5STA3XzJIbjg4MXRXRVVHQVBXcEhLbHYyRWlNemZjZ2xHZjY3YU5XRXN6X2czTGw0T2hRZHNwWEtJSzFlS2xVR2ppaUw2VVFr?oc=5
2026-04-01 07:24,EXTRANJERIA,Arranca la regularización masiva: María y Paulina dan el paso,https://news.google.com/rss/articles/CBMirgFBVV95cUxNcWlWd1lTTmh3MTlsMUxKbFd1ekl0UXRYb0RIWkRDMmtZcUNleldCOGpsZkRZX1BjcjlzOXNKaWhGbTN4U2M5TlRRWU1FQlU3NlRzTDM5a0NpSVBtYlE4WDZqeDczNHgxQWtTZGpGeUtGenVMajVCaW0yYWxfRHJlTFVEUlRvVURDNnZGXzBRalUzcXdxbXQ2UGc5SFdSOENxN1l5TFJ1VUEyZjNyT3c?oc=5
2026-04-01 08:51,FAMILIA,Japón introduce por primera vez la custodia compartida tras el divorcio,https://news.google.com/rss/articles/CBMiuAFBVV95cUxNeGwybTNFekdXMy1SczBldk0tNGVYN1FUamJpWWRRalZJN0ZHX00tblZPcDU4bHQ1Z2VJT0tPYmdpRUM0QkkyYlFkZThlVDUtbVVIakFCMS1DMzlhbGlvMXBSRjZRNXpHcWR5OTJXaFdiZ0d0LWljMlJUM1RDR09VRUEwbW5ackZ6cGlEb1ZUSkNLanNITlZ2VWhnYzhENnU3MVhTbXhIWmxsSjRrck9FX3BDQlBfZlYy0gG4AUFVX3lxTE14bDJtM0V6R1czLVJzMGV2TS00ZVg3UVRqYmlZZFFqVkk3RkdfTS1uVk9wNThsdDVnZUlPS09iZ2lFQzRCSTJiUWRlOGVUNS1tVUhqQUIxLUMzOWFsaW8xcFJGNlE1ekdxZHk5MldoV2JnR3QtaWMyUlQzVENHT1VFQTBtblpyRnpwaURvVlRKQ0tqc0hOVnZVaGdjOEQ2dTcxWFNteEhabGxKNGtyT0VfcENCUF9mVjI?oc=5
2026-04-01 08:51,PENAL,Besar la mano sin consentimiento ya es una agresión sexual en este país europeo,https://news.google.com/rss/articles/CBMiugFBVV95cUxNaV80SWltM1lXaGJ0YXhkQ1VVektfUVlFOGNLVmdFai0teWFSNGFoVnFZb0QyWUFQLWtBVk9tQWk5U2tTTTlDczRRdzFBRVRGcDhMbUZPSDFRZEhQYlJySUpIdEdMMHpaSzRmNWVtMWZHTklrVXZIMXNjUU43THppWDh3andnejR0amxjOEZvNzl5VnFyem0wSnNETndSNFJtY1hIVXdTa1RnMU1Lc0prWVBXcTdQSDB6b0E?oc=5
2026-04-01 08:51,MERCANTIL,Economía.- Competencia analizará en segunda fase la compra de activos de Intersport por parte de Decathlon,https://news.google.com/rss/articles/CBMi_gFBVV95cUxPZVlLS3otc1RPNFYwemNiRGFxdDU3cmFNa3BoUmRIUGIzMHlmTloycmNyZDJDcHBmYm5KclJlV0xEdWVNbXhDV3dGWGVJdDk1c0VLYlRVQ0E5b2xKWU1SeThQLVhaRG15YmdqeUV2TVRqS3VGTnNDMUNPclIyclFRTUw3OTlGangtaUNqTEE5TEdDdDFGODlYWjFLVjd1ZXlFLUgzU3BpdVZIeVBBR2M1amFlQnNvTVFqZ2ViYVV6TG5PeHhuVDlYSWR5T0tEUC1sVno0cW4wRUhXZl9mSDgwdlBZZnlESFFUbExQY1MtTUh1ZGFkbzhRSENoa0tTZ9IB_gFBVV95cUxPZVlLS3otc1RPNFYwemNiRGFxdDU3cmFNa3BoUmRIUGIzMHlmTloycmNyZDJDcHBmYm5KclJlV0xEdWVNbXhDV3dGWGVJdDk1c0VLYlRVQ0E5b2xKWU1SeThQLVhaRG15YmdqeUV2TVRqS3VGTnNDMUNPclIyclFRTUw3OTlGangtaUNqTEE5TEdDdDFGODlYWjFLVjd1ZXlFLUgzU3BpdVZIeVBBR2M1amFlQnNvTVFqZ2ViYVV6TG5PeHhuVDlYSWR5T0tEUC1sVno0cW4wRUhXZl9mSDgwdlBZZnlESFFUbExQY1MtTUh1ZGFkbzhRSENoa0tTZw?oc=5
2026-04-01 08:51,EXTRANJERIA,España cerrará a los venezolanos la vía exprés de regularización de la que gozaban desde 2018,https://news.google.com/rss/articles/CBMi0AFBVV95cUxNT3dwcjFLRF9SNkdHUTJCTUdRcG9RbVAyS25iWlBJMHZVM0VaeDd3TEZOdWY4cWl1VXJSUTEwWVg0LU5vM2tJcGNsX2VqcnhQS21yTWM0VHNhTTBWQWlxeThiNlhCZTMwVW1lWVVDOFljRmNZSnowTmxoczMxR2dneXBVaEV2YkFUZFlfSHFpSUwwMHZrUEwwUDNYbzlUeDd2SmdUcHc5NXY3Qm5QOUFrVldGaDJrdG1CcHFLbkxselNxaVI0V3VfWWc0WldUSlNm?oc=5
2026-04-02 07:16,FAMILIA,Entra en vigor en Japón la ley que permite la custodia compartida en caso de divorcio,https://news.google.com/rss/articles/CBMi1gFBVV95cUxPaVR2aS1pbkhmTzNYZXVBdXVSRlhsTUgzcGs4Z01tTlR1SndhZE9IOGN4emhkcTBxMTRVREU0VWlOMlNWV2JlTm1VSnhSYl9vRlZ4X200RjZBNWtvbTlxWEJLMkxRN21hS1ZibEJQLUxSYkxfT1J0T0s4RlRvMWo1STFBZVpRQUt5UE9BVWdEaXRnZDdQR1BoVHczWHVqaU1jcnpRSkcxS0t3cGxSenE2MUp1ZTh3ZjRHS0NYWFE0cVlJbDBTVC04akYzQkdCalEzeTZqVVhR?oc=5
2026-04-02 07:16,EXTRANJERIA,Residencia por arraigo en España: requisitos y diferencias con la regularización extraordinaria,https://news.google.com/rss/articles/CBMiwgFBVV95cUxQX01NZTRhOW9aMFc3ajdNZGFvQnZxOHptNDVKQks0cXRFUURQNjdLWUNXZ01CSUxQRlF0UFJfTHZhRDhUT2kwOTlYTmdmeXNjcDZaVG85a0VGMXk5aVpENXlVSExuaFBrcnFZQVN5eEJvYXpHQ0dOV1ZMZ0NUeGc2OXlfQURZVEVidTdDcEVuQWZwa2hKd2hIT3Q2X2ZqSnY2VW9xczRkOWxnd1JIaG9zSFA3SklwenNHVlo0eEJNYzNfUdIBxwFBVV95cUxNNXRBbGNScjg3eXp4UmgxblNkN25qcnVmU0FjQ2N5b3RvTmhJc290am5ZOUNpSkZVZEVPbC1VZ0ItdG5GeEMwRkpQdW5Gbmx1MlI2VzRUSXJ4Z0JQSkRkUDE0Y0JaT2ZFeVl4OTg1Nk9DaEk4Z3p0R2ptQ0s4VG1mN2Z1bDVDVUdGRDlUa1QtMHo0Q3A0LUhWNXhoMnBNRmZmVEh4am9adzBEVzNlUDd4UzlYQ0dUQ0NfMUtDaFk0SHRxQ2g1UUYw?oc=5
2026-04-02 08:42,FAMILIA,Japón aprueba custodia compartida tras el divorcio en reforma histórica,https://news.google.com/rss/articles/CBMioAFBVV95cUxQVHJuNEZTaVBtU3JobVkxRnFCb2M0NGQzekJmZGdfb0xzb0psanhraS1pNG1lVEd1eTRGZkpqcU9VMUNtbW5MSmRYQWNjOHVoSnh6S0wteW93UElsRmw5Q0t6U2x4WjFYX2VUa3RWYXNJRk1zRzVETFR2QlVwN2dCcHJVUzFZUnNXcTJ0d1daMnVobl9iR243Sk5qS0ExQjh5?oc=5
2026-04-02 08:42,EXTRANJERIA,España termina vía express para la regularización de ciudadanos venezolanos tras ocho años en vigor,https://news.google.com/rss/articles/CBMiiAJBVV95cUxNQUY4UzVDRWZHZXkwQVQzMGhvQXRVM2NvcU16a1hoaEhfZk9GRUVjd25wVERQallLXzNhYXdVOW5LaE4ta0NpelF5QTB6SUVsX08zMHdoNWRIMU95TzZTRU5aT19VVDlNTnJWRS14a0xIY0ZBZFV5MXNLYXVyc1hMdjY4Yklmb3VCUjFsMjVKNnFNajhFSHNQSDFUa3drc3RtclBpajlxOHRBZGFfUDZYRVRSNjJ1VUc4RXV6cVk2VC0xWTdCc0JvZ1ZIS1lVQk9NcTdpMm5sQ0tNVS1Hc1VvT2d4RW1FMElSMF84Ung1VS1uUUhVMUpxbTdsSTVwZUI5TldlbFhZU2g?oc=5
2026-04-03 07:13,FAMILIA,Así es una mediación entre padres separados: “Vuestros hijos merecen que os sentéis a hablar”,https://news.google.com/rss/articles/CBMizwFBVV95cUxOUXVodm9WYXZHUEJKeEJiczB6UXVDZFhWVC12NFpocDNDM0c2MDBmUkFMV0xYQ0E4M19OZ2xEWWJ5QU1FUUdkTlpLUTkyYmc4WjNBWDFIOGdma0VSX0xXTklkd2xlODBzc280dlhHUkhQMGxwcVhJS2RtcEwzVGFlRzZvNjRZaWFQVG9Ucnc5RF9NSURXRWpHWW1jXzBLVkM4dmpEeWdHQnRuTERQSVF1SExsSjdDcF9uMDVwSjlOYWhtVF9DTTI5c0VRZHI0dHPSAeMBQVVfeXFMTXVwbzhadHF0MDdyUG9qci1ILWVPRk96WXV4SndseUxSWVhKMFA3VGFSa3ZLNTU3T2ZwNU9iOTBMZU8zUXpWeXZmcFBUYUlIUjlRQWVRYlpWb2ZwZnNhcWdDdTVpeWVzdXFqU0J6N1JoZDd5a2VjeVhNakREaG9TcXBjS3V4U3djYlh2cjc3RXo0Tk1CUTItUXBsWGJFaE10S1NZUGltN0wwalBUWkowcUxTbGVfUWFaVURzSGIzRExpLTUxQlBmX3UtRTM4T044WVNvSmQxd3ctTkFyMEJzSWU3WHc?oc=5
2026-04-03 07:13,EXTRANJERIA,España termina vía express para la regularización de ciudadanos venezolanos tras ocho años en vigor,https://news.google.com/rss/articles/CBMi2wFBVV95cUxPWWp5cU8xb0haTnV0MUp1Y0loUkN3VnFTYlllUUEzREN6Q3hzWlZuQnNtNjlUbVo5TXpDNnBPN0ttMGw5RXlJVDRrNjl1ZnFfdnNLN3o4SUtSVzBKUDliRmZCMmctVTNCYklkbE5TdEdubVJMWWVIUmlHc3RIRDVnVmtUd3dBR2FGQTk4M3kyMGNtYjRrdk12SjY3aWM4MnVIXzFyc3BrZDhPQU5QMFdGY2VLSTZtUkNRTFNIXzNLTEJBYUVNUjNmLXVMc1ZUbS1kQ2s0Z0NZYWJiZ0XSAdsBQVVfeXFMT1lqeXFPMW9IWk51dDFKdWNJaFJDd1ZxU2JZZVFBM0RDekN4c1pWbkJzbTY5VG1aOU16QzZwTzdLbTBsOUV5SVQ0azY5dWZxX3ZzSzd6OElLUlcwSlA5YkZmQjJnLVUzQmJJZGxOU3RHbm1STFllSFJpR3N0SEQ1Z1ZrVHd3QUdhRkE5ODN5MjBjbWI0a3ZNdko2N2ljODJ1SF8xcnNwa2Q4T0FOUDBXRmNlS0k2bVJDUUxTSF8zS0xCQWFFTVIzZi11THNWVG0tZENrNGdDWWFiYmdF?oc=5
2026-04-03 08:38,FAMILIA,Entra en vigor la custodia compartida tras divorcio por primera vez en Japón,https://news.google.com/rss/articles/CBMirgFBVV95cUxOa2k5YnlJVGlXdUVjdWVWcVJBSjd4aWdLNjFxQTE0SWJTcjlwU1hTNHdDRXR1NXQwdzZpcG0zUjdCeTN0dGZqYzBubVRWcE9pc3ZvU0FVOXRwZHQzbGdEUE90UU9lVzIxZ3pDX29hOG5IOVVJMjZvMFp5NUR6dXFDRERaOU1PWC0zQXlfdkR0TUpIbWVMeTU1OUw4MXNVanVKNmZMRWpneDRXa1Z2SWc?oc=5
2026-04-03 08:38,EXTRANJERIA,"La vivienda protegida no se otorga según la nacionalidad, como dicen falsamente decenas de usuarios en redes",https://news.google.com/rss/articles/CBMi5wFBVV95cUxNaGN1TjFPSTZLTzZfa2VZOV9ZazBhR05YVTRUTVlkcXo4cldUQkVvSTZsdE5uMFZmRW1POXItQnA0WFZTLTN0V3BGcXJuSTQxM3FXOVhvWWdNM1lYMVhrLVhQVC15Y3BoUkNHLUszTG5VVEVmVDM0bHJlUEl5RjdHOFpHYURUT3FDY1RTNjFVYmFucXM5d0o1WWxwa3NVbmcxZEdqNV9mQkZ0dGhGNDA4YXdyMnpLUlVjZE92YUhfOFlZVTZhbjhIamIzVlRiYmJYelhNY04xWXJSWmtXWmpCM3lXY1ktNDDSAecBQVVfeXFMTWhjdU4xT0k2S082X2tlWTlfWWswYUdOWFU0VE1ZZHF6OHJXVEJFb0k2bHRObjBWZkVtTzlyLUJwNFhWUy0zdFdwRnFybkk0MTNxVzlYb1lnTTNZWDFYay1YUFQteWNwaFJDRy1LM0xuVVRFZlQzNGxyZVBJeUY3RzhaR2FEVE9xQ2NUUzYxVWJhbnFzOXdKNVlscGtzVW5nMWRHajVfZkJGdHRoRjQwOGF3cjJ6S1JVY2RPdmFIXzhZWVU2YW44SGpiM1ZUYmJiWHpYTWNOMVlyUlprV1pqQjN5V2NZLTQw?oc=5
2026-04-04 07:04,FAMILIA,Cómo organizar las vacaciones de Semana Santa con tranquilidad en custodia compartida o exclusiva,https://news.google.com/rss/articles/CBMixgFBVV95cUxPMGxjM0pYcFUwWFBZQjB0V1N6R05lM1RNWGRBTUU4dWMxMXpVamUzQWRSRmVYcFFQWExPb24xc1J0NkFsVnBtY052Q0ZyZXBhdEIzcDlGMVRTaU1HYl9GS1ljRnZtM1VmT0ZPZy1QRHBVdTdhQ1BuRnotTEt5dko0VHliNUwwSTJTMENFQ3RDaUI3ek84NDN4TVlQUUd5U0pJZkdpMXBZVHhqMlNNUUNPdlg1Q3MtODVNQk81eU1qd19SRlpCMUHSAcYBQVVfeXFMTzBsYzNKWHBVMFhQWUIwdFdTekdOZTNUTVhkQU1FOHVjMTF6VWplM0FkUkZlWHBRUFhMT29uMXNSdDZBbFZwbWNOdkNGcmVwYXRCM3A5RjFUU2lNR2JfRktZY0Z2bTNVZk9GT2ctUERwVXU3YUNQbkZ6LUxLeXZKNFR5YjVMMEkyUzBDRUN0Q2lCN3pPODQzeE1ZUFFHeVNKSWZHaTFwWVR4ajJTTVFDT3ZYNUNzLTg1TUJPNXlNandfUkZaQjFB?oc=5
2026-04-04 07:04,MERCANTIL,El Supremo perdona a un jubilado que se “sobreendeudó” para ayudar a su familia,https://news.google.com/rss/articles/CBMizwFBVV95cUxNOGVjQ2ZJRE5wU1A4VUE1dmZJd3M1NVBsZ2Q2LXYtamIxWVBhcV9GLTlEMHNpVXpuRGF2amJmbjR1UFFwOTdTRGVzX2hHajdwRlJkZEg5Y3ZyTWU1UklnTkJHUVVmc0lmdlNIc3pmczJleURDemlaYmF2dEx4ZENIcFREek9MRHJRMUN1VUhiLXlzQ1BydnJJQWdLUmNNMzh3eHVXVU5jc1E2cVZmeF9odlVYTHhTRndGREdLdTBtLXl2dDE0aHVQbnV4ZGM2SEnSAc8BQVVfeXFMTThlY0NmSUROcFNQOFVBNXZmSXdzNTVQbGdkNi12LWpiMVlQYXFfRi05RDBzaVV6bkRhdmpiZm40dVBRcDk3U0Rlc19oR2o3cEZSZGRIOWN2ck1lNVJJZ05CR1FVZnNJZnZTSHN6ZnMyZXlEQ3ppWmJhdnRMeGRDSHBURHpPTERyUTFDdVVIYi15c0NQcnZySUFnS1JjTTM4d3h1V1VOY3NRNnFWZnhfaHZVWEx4U0Z3RkRHS3UwbS15dnQxNGh1UG51eGRjNkhJ?oc=5
2026-04-04 07:04,EXTRANJERIA,"Dinero y burocracia, el lastre de los migrantes cubanos para regularizarse en España",https://news.google.com/rss/articles/CBMihwFBVV95cUxNV3Y4S3BtVUtyRWl2TVZZc21DRkRBOUpTSExiQXE3T19JdE5hVVVsSkc5MkpjZHpobjN4QWttX3dkQ3ZlclJvWllFWG10M1Q1MVBhNFhQUVlUMGRRWURxcFVqc2d4OEpWam5WT052RXkxTm1WTEl5MVdhMDNpdkVJdmFGYTJ5NnM?oc=5
2026-04-04 08:26,FAMILIA,Entra en vigor en Japón la ley que permite la custodia compartida en caso de divorcio,https://news.google.com/rss/articles/CBMiywFBVV95cUxQdkh4dVYxQmszZ3c1WHhtMzBNbnV5cEh4SHZvLTVSaU1WMEpmVlRKWVhpU2NfWUhxd0FqOEdneFF3VjE2Vk9adWZJTTNlN0VFRHpBSndSMWVoNzZuSExmX1Z5NWVacTdiODZ0bGV4d29kT0ZGbGFNT09wRXR5STJQODVtYzBSaThTUEM3Mm9xdlJabUhxM0lXVjdNeDV2dmIwNzdmS0JiM1RuVVRTMGlwY1lNRlJOaEdNYlZHaUstWkgzSTBwY2NMLWdScw?oc=5
2026-04-04 08:26,MERCANTIL,Adiós al centro comercial más grande del país: anunciaron que entra en concurso de acreedores y se planea vender el complejo,https://news.google.com/rss/articles/CBMihwJBVV95cUxQQWd6UG14b05ZbGhzUnNHZnJOYWgzcnFNeGdRRXdaV3VFeHRDLXJKS0JURTh2b2RvMWRSMzdncTZ4RllnS3ZfYXVFSjRSckFxRHd5R2U3eENoX1NVMjhiZ0RyREcwR0ZxLTd1QWI4ZzBSd19PcDV6aW53MVp1bzN6R2ZIdDJFVzVCallIZVpNdEhXbENBYndfQ2h2SjdiamtqOHZpb1dvQjlCdS1fREYwRmpBRVI1TDZLZzBoYUxxeHB3QTB2cHpNNTZQMTlHNXY1RjBaWGRVTTJQSG9mTmpKWUprSjZZSE9nTE4xRXh3MmhzQ0FsZ09jMWRMNmFSZml1SDI2QWQ3RdIBogJBVV95cUxNVnp2Yy1OZDZWcXJyMHNjcXFudU1tXzJGeFlBZ3lMdWR4bWJKNGcwVVBMRWZSRmYtU2NTLTQ3WXdtWnRkaXpSd0VyYlE5MklkVDZoQzhCZW1GUXlFT3BkWnB6UHFNMUZDMXdPLURkZ0FTVDZvSEdCTGs2cjFuVHBNcXpvX0owSks2TkFtYkltVHBNRnhabmd3anE1QVVPdk9CLTFKMEdpeXhqUXUxTUVmM0hwNGZYSmI5MlREMjNVVW5mNTkxNzE5dFA0TDFMMUtHODFsUXdZUUlFYUdCYTlwVUU5VTgxME5fWS1BMGNwYmlSSTNuYmI0ajhubU5NYTNqV3ptb256dVJfSm9oZ0hWcWtPal9ZU2JmVnUtRUZ3N0JTQQ?oc=5
2026-04-04 08:26,EXTRANJERIA,España pondrá fin a la regularización exprés de venezolanos aprobada en 2018,https://news.google.com/rss/articles/CBMiiwFBVV95cUxNY3ZvU1lvVXB0YWZQRUlOYW9DTUtDV3hnTDhVT2VPR0xKTzFRT25oZEpBWWpXdmpQdncxMU1LZ3AxMERhRi1PLVFaamlHXzFCSi04bS1mY0hLTEF1VENaUHJla3lkejJhNmdrZy1tMmU2bU9hd1U0ZWJ4aEJaYXJTcldyV3FqU3JTZWxr?oc=5
2026-04-05 07:10,EXTRANJERIA,"El PP pide a la Mesa del Congreso que anule la ""grave anomalía democrática"" del veto a enmiendas de multirreincidencia",https://news.google.com/rss/articles/CBMi5wFBVV95cUxPN3g1QjRDX2dyUF9tTkt6a3NLQUlicjhWcE5qbWpHNFdib1BnelpHNjBoQVRMeXZHM1RPU1JSWHFUdmZzdXM4M0x1UWY5Wm14dzVndGJObFpwZ0tMZFhLaTEteExPbGZvajVhSHZudG1ON0tzbzl4WlVEdEFodHQ4aWgwbURQd2xRdmg1TFdRZlZuR3JnRF9BMEt4NlpMQUY5TXIyVUp3WkZtVW1TWDZIOW05WVZZS1BfTVQ2RWxUYzUyTEQ4SV9LekJuQS1KSUk4eWxZb1lLRFR0RFlic2hrdnZOb3NRN0U?oc=5
2026-04-06 07:47,EXTRANJERIA,La Audiencia Nacional rechaza el arraigo familiar y extradita a un ciudadano peruano que cometió un robo con violencia en Lima,https://news.google.com/rss/articles/CBMilwJBVV95cUxNSldEV09iVmlVT2ExVF85dVRTUlplVGRuckJVSG1oMXZZS1I0WVdCYlRQdmJUNl9vZ3ViODR4aWtscWF0VXF5Y0o2aHZMOU14Q1p0ZE1jb0E2UUFuMzhyM0ZXQVZ2cHg2c2I1cWx2Tjh1OG5jVE5mbnQyYkI3WHVWd09EOTVkaXpGN3Z1TXNoR2lSa1p5ZVd4cFU0M1FkbTJoellLVnlrT29xSkJBYlBMbDREU2ZhMVozRUhwMldLMEdJazVNakhKQVhTOEItQmJJZFRfWFpkWGJDWkp6WWJIQTdNM3N0d19Md2hPZDUzNERWS3I0bDVtd2xwRTB4UjN2NkFQRDJsSkZEbXFISVVDZ3RJSjdJb1nSAZcCQVVfeXFMTUpXRFdPYlZpVU9hMVRfOXVUU1JaZVRkbnJCVUhtaDF2WUtSNFlXQmJUUHZiVDZfb2d1Yjg0eGlrbHFhdFVxeWNKNmh2TDlNeENadGRNY29BNlFBbjM4cjNGV0FWdnB4NnNiNXFsdk44dThuY1ROZm50MmJCN1h1VndPRDk1ZGl6Rjd2dU1zaEdpUmtaeWVXeHBVNDNRZG0yaHpZS1Z5a09vcUpCQWJQTGw0RFNmYTFaM0VIcDJXSzBHSWs1TWpISkFYUzhCLUJiSWRUX1haZFhiQ1pKelliSEE3TTNzdHdfTHdoT2Q1MzREVktyNGw1bXdscEUweFIzdjZBUEQybEpGRG1xSElVQ2d0SUo3SW9Z?oc=5
2026-04-06 08:58,MERCANTIL,La empresa que opera el túnel de viento de Sambil Outlet Madrid entra en concurso de acreedores,https://news.google.com/rss/articles/CBMihwFBVV95cUxPcld0djZRaDFhTjhGQ0M4VUdhRDRESTBiZEVfcHpkTkp5TUlhaXdvOF9LeEJLZ2x2dUZCSWZTLTdWWmNTRERhYWlOa2dQOGo3c2VNNUdFbWlSRkVwVzVVMTZUVDdHQXc1dE1zNlYtbzJDdXRhTzN1WHZPZENLTENmMEs0SUdyQW_SAYwBQVVfeXFMT0VjU0VEVVlkNDBrUE43VUpsMm5aaW16WXVkR2VCcGFUVDllZzlLVUdGY082dUI3bVJlTGZqRGxBN2JOWHpXdlplRTItcmRNNTdRaXJPaGZPUm54OWZ2VWZ3ZjJDbVNlRGhmR3lZb1pBVG9JRER0Nkp5bF94V0ZNMWNPWHJDazZMZmREbEc?oc=5
2026-04-06 08:58,EXTRANJERIA,El PP recurre el bloqueo a sus enmiendas que endurecían la regularización en la ley de multirreincidencia,https://news.google.com/rss/articles/CBMi2AFBVV95cUxPQ0N5RjVCY1VpcndUNUxENUFlUDc2dmljYTY3Y3pUR3FrSDEzVFZMcUowLUZiWlNrYUJDbEhQWExOdFhJaklZaWZhU3FUN0c1SkFwaXJEdERBemkwbDh2T2VHSUZ1QnhVYmNGU2pmbXhSMktUN2VGcmNwVE1qZXZ2NkdDSElhWVhfbmtoYjl0UVpVbTBuY1VsTEpLYno1cURIOVdmMXZsNXJxbHVFMjZ2MldMVE5CWERDOTZwcWZLbE1fNGZDQlFodWVxRXlTYXlRdUFrVlBJY2TSAeABQVVfeXFMT29vOGpMdFBuUHg2MXcwZjNHN1JfNlIta0o1MnpCUjRtRlFaN2R5OEFRNXV2c293dHVHeUpUeHY3MS1scHI3dlpSRzYzSEYtb3QtRzdtZW1OelZndUM3VFJqdFFMejY1TnUxSGRuWWpqdlN6dVhRUW54STRWX3Z6elRpR2kySG9MOWxLaHVnZnVpdHhZVWN6X1R6OUNWYzhHVXlod01pWWRXTExKb0pyMGZ2OU5MQlc0el9DSC16OXJtaC1JQjVxV2NMeW84SzR0ajdpT0tfV3l6WTJLcnRIb2g?oc=5
2026-04-07 07:21,FAMILIA,La Generalitat ante su espejo: 20 años de desarrollo estatutario,https://news.google.com/rss/articles/CBMixAFBVV95cUxNamtpcWowdzl5cmtTUGcweWFlMzkzTmJ0Qk9QUXRaRlJvRTk2dnJURDVMeEZxRFJDMXJHR3F2LUdMczJIVzNxSVk2U0RtcHE3cUxFelUtQlgwaGFfQkZRakVnWU81Um44TEZCRmZBcGpVT1NOLTBwUW02OXBqb0lOSDZTaGZzdU11UHdESm50VVhiWWJkck9KZGoweFRXbFRNalZHd28xNkw5YTdPYjFxbjlSbkVES1Z4ZTZQcHQwdlZtTHdP0gHYAUFVX3lxTE9tYjZGWVNqZjRRMU1oU05mVm1pTXRBem1xWjVDRmVBNjJHTU9VRnZzeVp1WnRqZS13c3VGWjVYcnFYMnk2V2tjZmR1dzg1MV9wMFhldXE0THltbHFIQXVzZDR6aG1xVFZPbXZXQ0JfMTZZcUl1STdrckZRN1NXYWpLTnc0Um01dGZCNExYeC1La1pFRE55eUV1QkVfZ2Z5LXU5NkZuOUIwcDBBVFl5ckQtUDUtc2cxY1l0dTlkVmhCTzQtbGQySlpTRDJnY2hmd2tGd20tXzdwMw?oc=5
2026-04-07 07:21,MERCANTIL,La sevillana Social Energy solicita el concurso mientras deja instalaciones sin ejecutar,https://news.google.com/rss/articles/CBMipgFBVV95cUxOZ0ZzalVRUWZEYVUyOUxRcWhkNml0UGNvdHhBZUxTY2NseU1xUS1fYnhfa0hVeHprOS1vVGZoMEJhVDNQdnFBTmRqdGtUbGxIWWVmN18wNmxic0J4ZXR4UXBUd2pyanlKZnVYSFhTb0J4TzVjZjZyQ3RXR3F3dGk0Y182bGVSYnljTUhNX0s5UUtPOW9zZmlzTXFoc0RPcnJaaENvekxn0gGmAUFVX3lxTE5nRnNqVVFRZkRhVTI5TFFxaGQ2aXRQY290eEFlTFNjY2x5TXFRLV9ieF9rSFV4ems5LW9UZmgwQmFUM1B2cUFOZGp0a1RsbEhZZWY3XzA2bGJzQnhldHhRcFR3anJqeUpmdVhIWFNvQnhPNWNmNnJDdFdHcXd0aTRjXzZsZVJieWNNSE1fSzlRS085b3NmaXNNcWhzRE9yclpoQ296TGc?oc=5
2026-04-07 07:21,EXTRANJERIA,Movimiento por la regularización de migrantes pedirá prórroga si el texto definitivo no se publica antes del 15 de abril,https://news.google.com/rss/articles/CBMigAJBVV95cUxOdERqT3RyWFR1QXV1M0VmYWpZOFRNZGdfc2N1c0VYM1pOTHJJVmhzMW1HOEpRN0FSTS1xajZHLWdzMnZoc204NjZzYi0tb0k5WGJDQkZwNEh4bXdQWnJqbHZIaVJRQXJ0bWd4bHJGMGdZRS1WUW10SEg0RS15N0FXcnVUYUxVM1hsRFFUR1dkY1pla1VhaXRNaVNlcThMX1lVR3BOZXQ1MXhfd3djeFdXaFdobi1aWHRXN28yRDJQNlVuUnA5OVJNX19pUGJES1dpcFFRcHZMWmt4Nll2andZR3VQMjBsOHp5RnVpUEpUeDl5dGlRcHRVNnE2czIzVTAz?oc=5
2026-04-07 08:49,MERCANTIL,Librería Santiago Rodríguez adiós a 176 años de historia en Burgos,https://news.google.com/rss/articles/CBMiyAFBVV95cUxPWDZKRHlQYzZWaWZGTzBiZ1hIaGYyWXhRaDg5SzB0dzF1eWpBOUwtSlVieXc1R245VTRFcWNHdDZsamRJeFhsZEZfQzdFWHNvQzBoRGpuN0hfVlNYT3p2OGRLRVplMGdSVERlZk5PS2UtajUtSG83cnZWalhKeGEyc0hleDVCTXNRNEVZQXEteXVEajB0dHlIMzNqbVdITXRHdTFDb1diMnpUR3V5eGo0S1RFMWNFRXJoZUMtbkdqdzZ4YlN0Mk84Qg?oc=5
2026-04-07 08:49,EXTRANJERIA,Récord de empleo en España con los extranjeros ganando peso: ya son casi el 15% de los afiliados,https://news.google.com/rss/articles/CBMixAFBVV95cUxOMVk4eGMtdk0yRHlqUTRpOXN6VkNBNHZrblFsNElWdS1hY0p5YWducGRHUGx6Wk1kdUQzc0laTHVHallwcGJKRWdOT00yV1FTUERQLS15Y3Znd052cTRYQUFrVFFxN1RMNlBoLS1POVdqbFFaRHk4U1ZzaVhhSEpBR2U4Qk8zLUNsN1paeHhuNVR2WV9ENkV3UlFHbzdVT2RHek51QzNSaDJ1U2ZEQUhNNUpOWWctVG5ackE3bk5TNmU5cnFN0gHMAUFVX3lxTE9vQzhqNHpzTmplcUZvak9BTVJYQnAtcXg3UklSb3VyRUpXUUE3dURUSDZuMzJuQUZDME9FdDdUbU5McGF1RFNfSjNFcnpfWnpkcjg1YTFHRklBUmh4VEtZalR6aE5wY2dlT2dGQm1RaVdNbUowVkctUUVFYktRTlE2QXIxUURqUXpweVFldmsza0xrUGFGNklHNC1uRWRTYS0wY1FlSVdvek5YS2ozcUlQcXNzeDBYZUtjTHJBSWpoYWcyWTBoOGIzSWlyUQ?oc=5
2026-04-08 07:24,MERCANTIL,"Los concursos de acreedores crecen un 16,3% en la Región de Murcia en 2026",https://news.google.com/rss/articles/CBMitgFBVV95cUxNZHVxTU02MzFWNjNZd1I3Zm9SUkdEQ0N3MHBYc0xlVklOd0VuMGlsdG1kM2RoMTJSOERHVkVyTk1wTUwxaF9QcTctbFdBRS1DeDhvTnpIektkV2pPQVoyZnZ5U184V0NRXzlzQXkyblB3Q2NPRjJCNTVmSDZhX2Z1czZPdHZqTjBQX1J4bzNGQ19xem5LR0lUaGpaYjJTZ0lvQmpGalZvVG5PbDlhQl9zY0NBTmk1Zw?oc=5
2026-04-08 07:24,EXTRANJERIA,"“En Extranjería no ha habido un cambio, sino un huracán”",https://news.google.com/rss/articles/CBMimwFBVV95cUxNZHJpUTNwVUsycnRBUkN1ZmZ3ZVR6VlMtclJodDZ3VlJOOVp2RmdSeXNGdGstRUNPbTdtVDVMbEd4TU90Z0h0cnd2WVdwNThGZUhVZjh3ckJLTWRVeUdMb3lDLXlRcFh5UjZJbTN0UWY2WVFGNURxMjcwNWVvdXpTNEx0dVFlQ0pfMmxxSUN0bncyU3ZPa2VadnNNcw?oc=5
